study_id,experiment,year,month,day,participant,age_in_years,sex,species,session,trial,tooltype,suitability,modify,getsjuice,technic,modifiable,success,modif_cab,modif_lid
manrique2011spontaneous,1,2009,3,24,joey,26,m,bonobo,1.0,1.0,cable,functional,no,yes,dipplick,,not_empties_the_apparatus,no,
manrique2011spontaneous,1,2009,3,24,joey,26,m,bonobo,1.0,2.0,cable,functional,no,no,notry,,not_empties_the_apparatus,no,
manrique2011spontaneous,1,2009,3,24,joey,26,m,bonobo,1.0,3.0,cable,functional,no,no,notry,,not_empties_the_apparatus,no,
manrique2011spontaneous,1,2009,3,25,joey,26,m,bonobo,2.0,1.0,cable,functional,no,yes,dipplick,,not_empties_the_apparatus,no,
manrique2011spontaneous,1,2009,3,25,joey,26,m,bonobo,2.0,2.0,cable,functional,no,yes,dipplick,,not_empties_the_apparatus,no,
manrique2011spontaneous,1,2009,3,25,joey,26,m,bonobo,2.0,3.0,cable,functional,no,yes,dipplick,,not_empties_the_apparatus,no,
manrique2011spontaneous,1,2009,3,26,joey,26,m,bonobo,3.0,1.0,cable,functional,no,yes,dipplick,,not_empties_the_apparatus,no,
manrique2011spontaneous,1,2009,3,26,joey,26,m,bonobo,3.0,2.0,cable,functional,no,yes,dipplick,,not_empties_the_apparatus,no,
manrique2011spontaneous,1,2009,3,26,joey,26,m,bonobo,3.0,3.0,cable,functional,no,yes,dipplick,,not_empties_the_apparatus,no,
manrique2011spontaneous,1,2009,3,27,joey,26,m,bonobo,4.0,1.0,cable,functional,no,yes,dipplick,,not_empties_the_apparatus,no,
manrique2011spontaneous,1,2009,3,27,joey,26,m,bonobo,4.0,2.0,cable,functional,no,yes,dipplick,,not_empties_the_apparatus,no,
manrique2011spontaneous,1,2009,3,27,joey,26,m,bonobo,4.0,3.0,cable,functional,no,yes,dipplick,,not_empties_the_apparatus,no,
manrique2011spontaneous,1,2009,3,28,joey,26,m,bonobo,5.0,1.0,cable,functional,no,yes,dipplick,,not_empties_the_apparatus,no,
manrique2011spontaneous,1,2009,3,28,joey,26,m,bonobo,5.0,2.0,cable,functional,no,yes,dipplick,,not_empties_the_apparatus,no,
manrique2011spontaneous,1,2009,3,28,joey,26,m,bonobo,5.0,3.0,cable,functional,no,yes,dipplick,,not_empties_the_apparatus,no,
manrique2011spontaneous,1,2009,3,29,joey,26,m,bonobo,6.0,1.0,cable,functional,no,yes,dipplick,,not_empties_the_apparatus,no,
manrique2011spontaneous,1,2009,3,29,joey,26,m,bonobo,6.0,2.0,cable,functional,no,yes,dipplick,,not_empties_the_apparatus,no,
manrique2011spontaneous,1,2009,3,29,joey,26,m,bonobo,6.0,3.0,cable,functional,no,yes,dipplick,,not_empties_the_apparatus,no,
manrique2011spontaneous,1,2009,3,30,joey,26,m,bonobo,7.0,1.0,cable,functional,no,yes,dipplick,,not_empties_the_apparatus,no,
manrique2011spontaneous,1,2009,3,30,joey,26,m,bonobo,7.0,2.0,cable,functional,no,yes,dipplick,,not_empties_the_apparatus,no,
manrique2011spontaneous,1,2009,3,30,joey,26,m,bonobo,7.0,3.0,cable,functional,no,yes,dipplick,,not_empties_the_apparatus,no,
manrique2011spontaneous,1,2009,3,31,joey,26,m,bonobo,8.0,1.0,cable,functional,no,yes,dipplick,,not_empties_the_apparatus,no,
manrique2011spontaneous,1,2009,3,31,joey,26,m,bonobo,8.0,2.0,cable,functional,no,yes,dipplick,,not_empties_the_apparatus,no,
manrique2011spontaneous,1,2009,3,31,joey,26,m,bonobo,8.0,3.0,cable,functional,no,yes,dipplick,,not_empties_the_apparatus,no,
manrique2011spontaneous,1,2009,4,1,joey,26,m,bonobo,9.0,1.0,cable,functional,no,yes,dipplick,,not_empties_the_apparatus,no,
manrique2011spontaneous,1,2009,4,1,joey,26,m,bonobo,9.0,2.0,cable,functional,no,yes,dipplick,,not_empties_the_apparatus,no,
manrique2011spontaneous,1,2009,4,1,joey,26,m,bonobo,9.0,3.0,cable,functional,no,yes,dipplick,,not_empties_the_apparatus,no,
manrique2011spontaneous,1,2009,4,2,joey,26,m,bonobo,10.0,1.0,cable,nofunctional,no,yes,dipplick,,not_empties_the_apparatus,no,
manrique2011spontaneous,1,2009,4,2,joey,26,m,bonobo,10.0,2.0,cable,nofunctional,no,yes,dipplick,,not_empties_the_apparatus,no,
manrique2011spontaneous,1,2009,4,2,joey,26,m,bonobo,10.0,3.0,cable,nofunctional,no,yes,dipplick,,not_empties_the_apparatus,no,
manrique2011spontaneous,1,2009,4,4,joey,26,m,bonobo,11.0,1.0,cable,nofunctional,no,yes,dipplick,,not_empties_the_apparatus,no,
manrique2011spontaneous,1,2009,4,4,joey,26,m,bonobo,11.0,2.0,cable,nofunctional,no,yes,dipplick,,not_empties_the_apparatus,no,
manrique2011spontaneous,1,2009,4,4,joey,26,m,bonobo,11.0,3.0,cable,nofunctional,no,yes,dipplick,,not_empties_the_apparatus,no,
manrique2011spontaneous,1,2009,4,6,joey,26,m,bonobo,12.0,1.0,cable,nofunctional,no,yes,dipplick,,not_empties_the_apparatus,no,
manrique2011spontaneous,1,2009,4,6,joey,26,m,bonobo,12.0,2.0,cable,nofunctional,no,yes,dipplick,,not_empties_the_apparatus,no,
manrique2011spontaneous,1,2009,4,6,joey,26,m,bonobo,12.0,3.0,cable,nofunctional,no,yes,dipplick,,not_empties_the_apparatus,no,
manrique2011spontaneous,1,2009,4,15,joey,26,m,bonobo,13.0,1.0,cable,nofunctional,no,yes,dipplick,,not_empties_the_apparatus,no,
manrique2011spontaneous,1,2009,4,15,joey,26,m,bonobo,13.0,2.0,cable,nofunctional,no,yes,dipplick,,not_empties_the_apparatus,no,
manrique2011spontaneous,1,2009,4,15,joey,26,m,bonobo,13.0,3.0,cable,nofunctional,no,yes,dipplick,,not_empties_the_apparatus,no,
manrique2011spontaneous,1,2009,4,16,joey,26,m,bonobo,14.0,1.0,cable,nofunctional,no,yes,dipplick,,not_empties_the_apparatus,no,
manrique2011spontaneous,1,2009,4,16,joey,26,m,bonobo,14.0,2.0,cable,nofunctional,no,yes,dipplick,,not_empties_the_apparatus,no,
manrique2011spontaneous,1,2009,4,16,joey,26,m,bonobo,14.0,3.0,cable,nofunctional,no,yes,dipplick,,not_empties_the_apparatus,no,
manrique2011spontaneous,1,2009,4,18,joey,26,m,bonobo,15.0,1.0,cable,nofunctional,no,yes,dipplick,,not_empties_the_apparatus,no,
manrique2011spontaneous,1,2009,4,18,joey,26,m,bonobo,15.0,2.0,cable,nofunctional,no,yes,dipplick,,not_empties_the_apparatus,no,
manrique2011spontaneous,1,2009,4,18,joey,26,m,bonobo,15.0,3.0,cable,nofunctional,no,yes,dipplick,,not_empties_the_apparatus,no,
manrique2011spontaneous,1,2009,3,23,kuno,12,m,bonobo,1.0,1.0,cable,functional,no,yes,dipplick,,not_empties_the_apparatus,no,
manrique2011spontaneous,1,2009,3,23,kuno,12,m,bonobo,1.0,2.0,cable,functional,no,yes,dipplick,,not_empties_the_apparatus,no,
manrique2011spontaneous,1,2009,3,23,kuno,12,m,bonobo,1.0,3.0,cable,functional,no,yes,dipplick,,not_empties_the_apparatus,no,
manrique2011spontaneous,1,2009,3,24,kuno,12,m,bonobo,2.0,1.0,cable,functional,no,yes,dipplick,,not_empties_the_apparatus,no,
manrique2011spontaneous,1,2009,3,24,kuno,12,m,bonobo,2.0,2.0,cable,functional,no,yes,dipplick,,not_empties_the_apparatus,no,
manrique2011spontaneous,1,2009,3,24,kuno,12,m,bonobo,2.0,3.0,cable,functional,no,yes,dipplick,,not_empties_the_apparatus,no,
manrique2011spontaneous,1,2009,3,25,kuno,12,m,bonobo,3.0,1.0,cable,functional,no,yes,dipplick,,not_empties_the_apparatus,no,
manrique2011spontaneous,1,2009,3,25,kuno,12,m,bonobo,3.0,2.0,cable,functional,no,yes,dipplick,,not_empties_the_apparatus,no,
manrique2011spontaneous,1,2009,3,25,kuno,12,m,bonobo,3.0,3.0,cable,functional,no,yes,dipplick,,not_empties_the_apparatus,no,
manrique2011spontaneous,1,2009,3,26,kuno,12,m,bonobo,4.0,1.0,cable,functional,no,yes,dipplick,,not_empties_the_apparatus,no,
manrique2011spontaneous,1,2009,3,26,kuno,12,m,bonobo,4.0,2.0,cable,functional,no,yes,dipplick,,not_empties_the_apparatus,no,
manrique2011spontaneous,1,2009,3,26,kuno,12,m,bonobo,4.0,3.0,cable,functional,no,yes,dipplick,,not_empties_the_apparatus,no,
manrique2011spontaneous,1,2009,3,29,kuno,12,m,bonobo,5.0,1.0,cable,functional,no,yes,dipplick,,not_empties_the_apparatus,no,
manrique2011spontaneous,1,2009,3,29,kuno,12,m,bonobo,5.0,2.0,cable,functional,no,yes,dipplick,,not_empties_the_apparatus,no,
manrique2011spontaneous,1,2009,3,29,kuno,12,m,bonobo,5.0,3.0,cable,functional,no,yes,dipplick,,not_empties_the_apparatus,no,
manrique2011spontaneous,1,2009,4,2,kuno,12,m,bonobo,6.0,1.0,cable,nofunctional,no,no,notry,,not_empties_the_apparatus,no,
manrique2011spontaneous,1,2009,4,2,kuno,12,m,bonobo,6.0,2.0,cable,nofunctional,no,no,notry,,not_empties_the_apparatus,no,
manrique2011spontaneous,1,2009,4,2,kuno,12,m,bonobo,6.0,3.0,cable,nofunctional,no,yes,dipplick,,not_empties_the_apparatus,no,
manrique2011spontaneous,1,2009,4,5,kuno,12,m,bonobo,7.0,1.0,cable,functional,no,yes,dipplick,,not_empties_the_apparatus,no,
manrique2011spontaneous,1,2009,4,5,kuno,12,m,bonobo,7.0,2.0,cable,functional,no,yes,dipplick,,not_empties_the_apparatus,no,
manrique2011spontaneous,1,2009,4,5,kuno,12,m,bonobo,7.0,3.0,cable,functional,no,yes,dipplick,,not_empties_the_apparatus,no,
manrique2011spontaneous,1,2009,4,6,kuno,12,m,bonobo,8.0,1.0,cable,functional,no,yes,dipplick,,not_empties_the_apparatus,no,
manrique2011spontaneous,1,2009,4,6,kuno,12,m,bonobo,8.0,2.0,cable,functional,no,yes,dipplick,,not_empties_the_apparatus,no,
manrique2011spontaneous,1,2009,4,6,kuno,12,m,bonobo,8.0,3.0,cable,functional,no,yes,dipplick,,not_empties_the_apparatus,no,
manrique2011spontaneous,1,2009,4,18,kuno,12,m,bonobo,9.0,1.0,cable,functional,no,yes,dipplick,,not_empties_the_apparatus,no,
manrique2011spontaneous,1,2009,4,18,kuno,12,m,bonobo,9.0,2.0,cable,functional,no,yes,dipplick,,not_empties_the_apparatus,no,
manrique2011spontaneous,1,2009,4,18,kuno,12,m,bonobo,9.0,3.0,cable,functional,no,yes,dipplick,,not_empties_the_apparatus,no,
manrique2011spontaneous,1,2009,4,19,kuno,12,m,bonobo,10.0,1.0,cable,functional,no,yes,dipplick,,not_empties_the_apparatus,no,
manrique2011spontaneous,1,2009,4,19,kuno,12,m,bonobo,10.0,2.0,cable,functional,no,yes,dipplick,,not_empties_the_apparatus,no,
manrique2011spontaneous,1,2009,4,19,kuno,12,m,bonobo,10.0,3.0,cable,functional,no,yes,dipplick,,not_empties_the_apparatus,no,
manrique2011spontaneous,1,2009,4,20,kuno,12,m,bonobo,11.0,1.0,cable,nofunctional,no,no,notry,,not_empties_the_apparatus,no,
manrique2011spontaneous,1,2009,4,20,kuno,12,m,bonobo,11.0,2.0,cable,nofunctional,no,no,notry,,not_empties_the_apparatus,no,
manrique2011spontaneous,1,2009,4,20,kuno,12,m,bonobo,11.0,3.0,cable,nofunctional,no,no,notry,,not_empties_the_apparatus,no,
manrique2011spontaneous,1,2009,4,22,kuno,12,m,bonobo,12.0,1.0,cable,nofunctional,no,yes,dipplick,,not_empties_the_apparatus,no,
manrique2011spontaneous,1,2009,4,22,kuno,12,m,bonobo,12.0,2.0,cable,nofunctional,no,no,notry,,not_empties_the_apparatus,no,
manrique2011spontaneous,1,2009,4,22,kuno,12,m,bonobo,12.0,3.0,cable,nofunctional,no,no,notry,,not_empties_the_apparatus,no,
manrique2011spontaneous,1,2009,4,26,kuno,12,m,bonobo,13.0,1.0,cable,nofunctional,no,no,notry,,not_empties_the_apparatus,no,
manrique2011spontaneous,1,2009,4,26,kuno,12,m,bonobo,13.0,2.0,cable,nofunctional,no,yes,dipplick,,not_empties_the_apparatus,no,
manrique2011spontaneous,1,2009,4,26,kuno,12,m,bonobo,13.0,3.0,cable,nofunctional,no,yes,dipplick,,not_empties_the_apparatus,no,
manrique2011spontaneous,1,2009,5,5,kuno,12,m,bonobo,14.0,1.0,cable,nofunctional,no,yes,dipplick,,not_empties_the_apparatus,no,
manrique2011spontaneous,1,2009,5,5,kuno,12,m,bonobo,14.0,2.0,cable,nofunctional,no,yes,dipplick,,not_empties_the_apparatus,no,
manrique2011spontaneous,1,2009,5,5,kuno,12,m,bonobo,14.0,3.0,cable,nofunctional,no,yes,dipplick,,not_empties_the_apparatus,no,
manrique2011spontaneous,1,2009,5,6,kuno,12,m,bonobo,15.0,1.0,cable,nofunctional,no,yes,dipplick,,not_empties_the_apparatus,no,
manrique2011spontaneous,1,2009,5,6,kuno,12,m,bonobo,15.0,2.0,cable,nofunctional,no,no,notry,,not_empties_the_apparatus,no,
manrique2011spontaneous,1,2009,5,6,kuno,12,m,bonobo,15.0,3.0,cable,nofunctional,no,no,notry,,not_empties_the_apparatus,no,
manrique2011spontaneous,1,2009,3,24,ulindi,15,f,bonobo,1.0,1.0,cable,functional,no,yes,dipplick,,not_empties_the_apparatus,no,
manrique2011spontaneous,1,2009,3,24,ulindi,15,f,bonobo,1.0,2.0,cable,functional,no,yes,dipplick,,not_empties_the_apparatus,no,
manrique2011spontaneous,1,2009,3,24,ulindi,15,f,bonobo,1.0,3.0,cable,functional,no,yes,dipplick,,not_empties_the_apparatus,no,
manrique2011spontaneous,1,2009,3,25,ulindi,15,f,bonobo,2.0,1.0,cable,functional,no,no,notry,,not_empties_the_apparatus,no,
manrique2011spontaneous,1,2009,3,25,ulindi,15,f,bonobo,2.0,2.0,cable,functional,no,no,notry,,not_empties_the_apparatus,no,
manrique2011spontaneous,1,2009,3,25,ulindi,15,f,bonobo,2.0,3.0,cable,functional,no,no,notry,,not_empties_the_apparatus,no,
manrique2011spontaneous,1,2009,3,26,ulindi,15,f,bonobo,3.0,1.0,cable,functional,no,no,notry,,not_empties_the_apparatus,no,
manrique2011spontaneous,1,2009,3,26,ulindi,15,f,bonobo,3.0,2.0,cable,functional,no,no,notry,,not_empties_the_apparatus,no,
manrique2011spontaneous,1,2009,3,26,ulindi,15,f,bonobo,3.0,3.0,cable,functional,no,no,notry,,not_empties_the_apparatus,no,
manrique2011spontaneous,1,2009,3,27,ulindi,15,f,bonobo,4.0,1.0,cable,functional,no,yes,dipplick,,not_empties_the_apparatus,no,
manrique2011spontaneous,1,2009,3,27,ulindi,15,f,bonobo,4.0,2.0,cable,functional,no,yes,dipplick,,not_empties_the_apparatus,no,
manrique2011spontaneous,1,2009,3,27,ulindi,15,f,bonobo,4.0,3.0,cable,functional,no,yes,dipplick,,not_empties_the_apparatus,no,
manrique2011spontaneous,1,2009,3,28,ulindi,15,f,bonobo,5.0,1.0,cable,functional,no,yes,dipplick,,not_empties_the_apparatus,no,
manrique2011spontaneous,1,2009,3,28,ulindi,15,f,bonobo,5.0,2.0,cable,functional,no,yes,dipplick,,not_empties_the_apparatus,no,
manrique2011spontaneous,1,2009,3,28,ulindi,15,f,bonobo,5.0,3.0,cable,functional,no,yes,dipplick,,not_empties_the_apparatus,no,
manrique2011spontaneous,1,2009,3,29,ulindi,15,f,bonobo,6.0,1.0,cable,functional,no,yes,dipplick,,not_empties_the_apparatus,no,
manrique2011spontaneous,1,2009,3,29,ulindi,15,f,bonobo,6.0,2.0,cable,functional,no,yes,dipplick,,not_empties_the_apparatus,no,
manrique2011spontaneous,1,2009,3,29,ulindi,15,f,bonobo,6.0,3.0,cable,functional,partial,yes,dipplick,,not_empties_the_apparatus,destroys_tool,
manrique2011spontaneous,1,2009,3,30,ulindi,15,f,bonobo,7.0,1.0,cable,functional,no,yes,dipplick,,not_empties_the_apparatus,no,
manrique2011spontaneous,1,2009,3,30,ulindi,15,f,bonobo,7.0,2.0,cable,functional,no,yes,dipplick,,not_empties_the_apparatus,no,
manrique2011spontaneous,1,2009,3,30,ulindi,15,f,bonobo,7.0,3.0,cable,functional,no,yes,dipplick,,not_empties_the_apparatus,no,
manrique2011spontaneous,1,2009,3,31,ulindi,15,f,bonobo,8.0,1.0,cable,functional,no,yes,dipplick,,not_empties_the_apparatus,no,
manrique2011spontaneous,1,2009,3,31,ulindi,15,f,bonobo,8.0,2.0,cable,functional,no,yes,dipplick,,not_empties_the_apparatus,no,
manrique2011spontaneous,1,2009,3,31,ulindi,15,f,bonobo,8.0,3.0,cable,functional,no,yes,dipplick,,not_empties_the_apparatus,no,
manrique2011spontaneous,1,2009,4,1,ulindi,15,f,bonobo,9.0,1.0,cable,functional,no,yes,dipplick,,not_empties_the_apparatus,no,
manrique2011spontaneous,1,2009,4,1,ulindi,15,f,bonobo,9.0,2.0,cable,functional,no,yes,dipplick,,not_empties_the_apparatus,no,
manrique2011spontaneous,1,2009,4,1,ulindi,15,f,bonobo,9.0,3.0,cable,functional,no,yes,dipplick,,not_empties_the_apparatus,no,
manrique2011spontaneous,1,2009,4,2,ulindi,15,f,bonobo,10.0,1.0,cable,nofunctional,no,yes,dipplick,,not_empties_the_apparatus,no,
manrique2011spontaneous,1,2009,4,2,ulindi,15,f,bonobo,10.0,2.0,cable,nofunctional,no,yes,dipplick,,not_empties_the_apparatus,no,
manrique2011spontaneous,1,2009,4,2,ulindi,15,f,bonobo,10.0,3.0,cable,nofunctional,no,yes,dipplick,,not_empties_the_apparatus,no,
manrique2011spontaneous,1,2009,4,4,ulindi,15,f,bonobo,11.0,1.0,cable,nofunctional,no,yes,dipplick,,not_empties_the_apparatus,no,
manrique2011spontaneous,1,2009,4,4,ulindi,15,f,bonobo,11.0,2.0,cable,nofunctional,no,yes,dipplick,,not_empties_the_apparatus,no,
manrique2011spontaneous,1,2009,4,4,ulindi,15,f,bonobo,11.0,3.0,cable,nofunctional,no,yes,dipplick,,not_empties_the_apparatus,no,
manrique2011spontaneous,1,2009,4,6,ulindi,15,f,bonobo,12.0,1.0,cable,nofunctional,no,yes,dipplick,,not_empties_the_apparatus,no,
manrique2011spontaneous,1,2009,4,6,ulindi,15,f,bonobo,12.0,2.0,cable,nofunctional,no,yes,dipplick,,not_empties_the_apparatus,no,
manrique2011spontaneous,1,2009,4,6,ulindi,15,f,bonobo,12.0,3.0,cable,nofunctional,partial,yes,dipplick,,not_empties_the_apparatus,destroys_tool,
manrique2011spontaneous,1,2009,4,15,ulindi,15,f,bonobo,13.0,1.0,cable,nofunctional,no,yes,dipplick,,not_empties_the_apparatus,no,
manrique2011spontaneous,1,2009,4,15,ulindi,15,f,bonobo,13.0,2.0,cable,nofunctional,no,yes,dipplick,,not_empties_the_apparatus,no,
manrique2011spontaneous,1,2009,4,15,ulindi,15,f,bonobo,13.0,3.0,cable,nofunctional,no,yes,dipplick,,not_empties_the_apparatus,no,
manrique2011spontaneous,1,2009,4,16,ulindi,15,f,bonobo,14.0,1.0,cable,nofunctional,no,yes,dipplick,,not_empties_the_apparatus,no,
manrique2011spontaneous,1,2009,4,16,ulindi,15,f,bonobo,14.0,2.0,cable,nofunctional,no,yes,dipplick,,not_empties_the_apparatus,no,
manrique2011spontaneous,1,2009,4,16,ulindi,15,f,bonobo,14.0,3.0,cable,nofunctional,no,yes,dipplick,,not_empties_the_apparatus,no,
manrique2011spontaneous,1,2009,4,18,ulindi,15,f,bonobo,15.0,1.0,cable,nofunctional,no,yes,dipplick,,not_empties_the_apparatus,no,
manrique2011spontaneous,1,2009,4,18,ulindi,15,f,bonobo,15.0,2.0,cable,nofunctional,no,yes,dipplick,,not_empties_the_apparatus,no,
manrique2011spontaneous,1,2009,4,18,ulindi,15,f,bonobo,15.0,3.0,cable,nofunctional,no,yes,dipplick,,not_empties_the_apparatus,no,
manrique2011spontaneous,1,2009,3,23,limbuko,13,m,bonobo,1.0,1.0,cable,functional,no,yes,dipplick,,not_empties_the_apparatus,no,
manrique2011spontaneous,1,2009,3,23,limbuko,13,m,bonobo,1.0,2.0,cable,functional,no,yes,dipplick,,not_empties_the_apparatus,no,
manrique2011spontaneous,1,2009,3,23,limbuko,13,m,bonobo,1.0,3.0,cable,functional,no,yes,dipplick,,not_empties_the_apparatus,no,
manrique2011spontaneous,1,2009,3,24,limbuko,13,m,bonobo,2.0,1.0,cable,functional,no,yes,dipplick,,not_empties_the_apparatus,no,
manrique2011spontaneous,1,2009,3,24,limbuko,13,m,bonobo,2.0,2.0,cable,functional,no,yes,dipplick,,not_empties_the_apparatus,no,
manrique2011spontaneous,1,2009,3,24,limbuko,13,m,bonobo,2.0,3.0,cable,functional,no,yes,dipplick,,not_empties_the_apparatus,no,
manrique2011spontaneous,1,2009,3,25,limbuko,13,m,bonobo,3.0,1.0,cable,functional,no,yes,dipplick,,not_empties_the_apparatus,no,
manrique2011spontaneous,1,2009,3,25,limbuko,13,m,bonobo,3.0,2.0,cable,functional,no,yes,dipplick,,not_empties_the_apparatus,no,
manrique2011spontaneous,1,2009,3,25,limbuko,13,m,bonobo,3.0,3.0,cable,functional,no,yes,dipplick,,not_empties_the_apparatus,no,
manrique2011spontaneous,1,2009,3,26,limbuko,13,m,bonobo,4.0,1.0,cable,nofunctional,no,no,notry,,not_empties_the_apparatus,no,
manrique2011spontaneous,1,2009,3,26,limbuko,13,m,bonobo,4.0,2.0,cable,nofunctional,no,yes,dipplick,,not_empties_the_apparatus,no,
manrique2011spontaneous,1,2009,3,26,limbuko,13,m,bonobo,4.0,3.0,cable,nofunctional,no,yes,dipplick,,not_empties_the_apparatus,no,
manrique2011spontaneous,1,2009,3,29,limbuko,13,m,bonobo,5.0,1.0,cable,nofunctional,no,no,notry,,not_empties_the_apparatus,no,
manrique2011spontaneous,1,2009,3,29,limbuko,13,m,bonobo,5.0,2.0,cable,nofunctional,no,no,notry,,not_empties_the_apparatus,no,
manrique2011spontaneous,1,2009,3,29,limbuko,13,m,bonobo,5.0,3.0,cable,nofunctional,no,no,notry,,not_empties_the_apparatus,no,
manrique2011spontaneous,1,2009,4,2,limbuko,13,m,bonobo,6.0,1.0,cable,nofunctional,no,no,notry,,not_empties_the_apparatus,no,
manrique2011spontaneous,1,2009,4,2,limbuko,13,m,bonobo,6.0,2.0,cable,nofunctional,no,no,notry,,not_empties_the_apparatus,no,
manrique2011spontaneous,1,2009,4,2,limbuko,13,m,bonobo,6.0,3.0,cable,nofunctional,no,no,notry,,not_empties_the_apparatus,no,
manrique2011spontaneous,1,2009,4,5,limbuko,13,m,bonobo,7.0,1.0,cable,nofunctional,no,yes,dipplick,,not_empties_the_apparatus,no,
manrique2011spontaneous,1,2009,4,5,limbuko,13,m,bonobo,7.0,2.0,cable,nofunctional,no,no,notry,,not_empties_the_apparatus,no,
manrique2011spontaneous,1,2009,4,5,limbuko,13,m,bonobo,7.0,3.0,cable,nofunctional,no,no,notry,,not_empties_the_apparatus,no,
manrique2011spontaneous,1,2009,4,6,limbuko,13,m,bonobo,8.0,1.0,cable,nofunctional,no,no,notry,,not_empties_the_apparatus,no,
manrique2011spontaneous,1,2009,4,6,limbuko,13,m,bonobo,8.0,2.0,cable,nofunctional,no,no,notry,,not_empties_the_apparatus,no,
manrique2011spontaneous,1,2009,4,6,limbuko,13,m,bonobo,8.0,3.0,cable,nofunctional,no,no,notry,,not_empties_the_apparatus,no,
manrique2011spontaneous,1,2009,4,26,limbuko,13,m,bonobo,9.0,1.0,cable,nofunctional,no,no,notry,,not_empties_the_apparatus,no,
manrique2011spontaneous,1,2009,4,26,limbuko,13,m,bonobo,9.0,2.0,cable,nofunctional,no,no,notry,,not_empties_the_apparatus,no,
manrique2011spontaneous,1,2009,4,26,limbuko,13,m,bonobo,9.0,3.0,cable,nofunctional,no,no,notry,,not_empties_the_apparatus,no,
manrique2011spontaneous,1,2009,3,24,yasa,11,f,bonobo,1.0,1.0,cable,functional,no,yes,dipplick,,not_empties_the_apparatus,no,
manrique2011spontaneous,1,2009,3,24,yasa,11,f,bonobo,1.0,2.0,cable,functional,partial,yes,dipplick,,not_empties_the_apparatus,destroys_tool,
manrique2011spontaneous,1,2009,3,24,yasa,11,f,bonobo,1.0,3.0,cable,functional,partial,no,notry,,not_empties_the_apparatus,destroys_tool,
manrique2011spontaneous,1,2009,3,25,yasa,11,f,bonobo,2.0,1.0,cable,functional,no,yes,dipplick,,not_empties_the_apparatus,no,
manrique2011spontaneous,1,2009,3,25,yasa,11,f,bonobo,2.0,2.0,cable,functional,no,no,notry,,not_empties_the_apparatus,no,
manrique2011spontaneous,1,2009,3,25,yasa,11,f,bonobo,2.0,3.0,cable,functional,partial,no,notry,,not_empties_the_apparatus,destroys_tool,
manrique2011spontaneous,1,2009,3,26,yasa,11,f,bonobo,3.0,1.0,cable,functional,no,no,dipplick,,not_empties_the_apparatus,no,
manrique2011spontaneous,1,2009,3,26,yasa,11,f,bonobo,3.0,2.0,cable,functional,no,yes,dipplick,,not_empties_the_apparatus,no,
manrique2011spontaneous,1,2009,3,26,yasa,11,f,bonobo,3.0,3.0,cable,functional,no,no,notry,,not_empties_the_apparatus,no,
manrique2011spontaneous,1,2009,3,27,yasa,11,f,bonobo,4.0,1.0,cable,nofunctional,no,yes,dipplick,,not_empties_the_apparatus,no,
manrique2011spontaneous,1,2009,3,27,yasa,11,f,bonobo,4.0,2.0,cable,nofunctional,partial,yes,dipplick,,not_empties_the_apparatus,destroys_tool,
manrique2011spontaneous,1,2009,3,27,yasa,11,f,bonobo,4.0,3.0,cable,nofunctional,partial,no,notry,,not_empties_the_apparatus,destroys_tool,
manrique2011spontaneous,1,2009,3,28,yasa,11,f,bonobo,5.0,1.0,cable,nofunctional,partial,yes,dipplick,,not_empties_the_apparatus,destroys_tool,
manrique2011spontaneous,1,2009,3,28,yasa,11,f,bonobo,5.0,2.0,cable,nofunctional,partial,yes,dipplick,,not_empties_the_apparatus,destroys_tool,
manrique2011spontaneous,1,2009,3,28,yasa,11,f,bonobo,5.0,3.0,cable,nofunctional,straw,yes,dipplick,,not_empties_the_apparatus,straw,
manrique2011spontaneous,1,2009,3,29,yasa,11,f,bonobo,6.0,1.0,cable,nofunctional,straw,yes,dipplick,,not_empties_the_apparatus,straw,
manrique2011spontaneous,1,2009,3,29,yasa,11,f,bonobo,6.0,2.0,cable,nofunctional,partial,yes,dipplick,,not_empties_the_apparatus,destroys_tool,
manrique2011spontaneous,1,2009,3,29,yasa,11,f,bonobo,6.0,3.0,cable,nofunctional,straw,no,notry,,not_empties_the_apparatus,straw,
manrique2011spontaneous,1,2009,3,31,yasa,11,f,bonobo,7.0,1.0,cable,nofunctional,straw,yes,dipplick,,not_empties_the_apparatus,straw,
manrique2011spontaneous,1,2009,3,31,yasa,11,f,bonobo,7.0,2.0,cable,nofunctional,no,yes,dipplick,sametool,not_empties_the_apparatus,,
manrique2011spontaneous,1,2009,3,31,yasa,11,f,bonobo,7.0,3.0,cable,nofunctional,straw,yes,dipplick,,not_empties_the_apparatus,straw,
manrique2011spontaneous,1,2009,4,1,yasa,11,f,bonobo,8.0,1.0,cable,nofunctional,no,yes,dipplick,,not_empties_the_apparatus,no,
manrique2011spontaneous,1,2009,4,1,yasa,11,f,bonobo,8.0,2.0,cable,nofunctional,no,no,notry,,not_empties_the_apparatus,no,
manrique2011spontaneous,1,2009,4,1,yasa,11,f,bonobo,8.0,3.0,cable,nofunctional,straw,yes,dipplick,,not_empties_the_apparatus,straw,
manrique2011spontaneous,1,2009,4,2,yasa,11,f,bonobo,9.0,1.0,cable,nofunctional,straw,yes,dipplick,,not_empties_the_apparatus,straw,
manrique2011spontaneous,1,2009,4,2,yasa,11,f,bonobo,9.0,2.0,cable,nofunctional,straw,yes,dipplick,,not_empties_the_apparatus,straw,
manrique2011spontaneous,1,2009,4,2,yasa,11,f,bonobo,9.0,3.0,cable,nofunctional,straw,yes,dipplick,,not_empties_the_apparatus,straw,
manrique2011spontaneous,1,2009,4,4,yasa,11,f,bonobo,10.0,1.0,cable,functional,straw,yes,dipplick,,not_empties_the_apparatus,straw,
manrique2011spontaneous,1,2009,4,4,yasa,11,f,bonobo,10.0,2.0,cable,functional,no,yes,dipplick,sametool,not_empties_the_apparatus,,
manrique2011spontaneous,1,2009,4,4,yasa,11,f,bonobo,10.0,3.0,cable,functional,no,yes,dipplick,sametool,not_empties_the_apparatus,,
manrique2011spontaneous,1,2009,4,6,yasa,11,f,bonobo,11.0,1.0,cable,functional,partial,yes,dipplick,,not_empties_the_apparatus,destroys_tool,
manrique2011spontaneous,1,2009,4,6,yasa,11,f,bonobo,11.0,2.0,cable,functional,straw,yes,dipplick,,not_empties_the_apparatus,straw,
manrique2011spontaneous,1,2009,4,6,yasa,11,f,bonobo,11.0,3.0,cable,functional,no,yes,dipplick,sametool,not_empties_the_apparatus,,
manrique2011spontaneous,1,2009,4,15,yasa,11,f,bonobo,12.0,1.0,cable,functional,partial,yes,dipplick,,not_empties_the_apparatus,destroys_tool,
manrique2011spontaneous,1,2009,4,15,yasa,11,f,bonobo,12.0,2.0,cable,functional,straw,yes,dipplick,,not_empties_the_apparatus,straw,
manrique2011spontaneous,1,2009,4,15,yasa,11,f,bonobo,12.0,3.0,cable,functional,no,yes,dipplick,sametool,not_empties_the_apparatus,,
manrique2011spontaneous,1,2009,4,16,yasa,11,f,bonobo,13.0,1.0,cable,functional,straw,yes,dipplick,,not_empties_the_apparatus,straw,
manrique2011spontaneous,1,2009,4,16,yasa,11,f,bonobo,13.0,2.0,cable,functional,no,yes,dipplick,sametool,not_empties_the_apparatus,,
manrique2011spontaneous,1,2009,4,16,yasa,11,f,bonobo,13.0,3.0,cable,functional,no,yes,dipplick,sametool,not_empties_the_apparatus,,
manrique2011spontaneous,1,2009,4,18,yasa,11,f,bonobo,14.0,1.0,cable,functional,straw,yes,dipplick,,not_empties_the_apparatus,straw,
manrique2011spontaneous,1,2009,4,18,yasa,11,f,bonobo,14.0,2.0,cable,functional,partial,yes,dipplick,,not_empties_the_apparatus,destroys_tool,
manrique2011spontaneous,1,2009,4,18,yasa,11,f,bonobo,14.0,3.0,cable,functional,partial,yes,dipplick,,not_empties_the_apparatus,destroys_tool,
manrique2011spontaneous,1,2009,4,19,yasa,11,f,bonobo,15.0,1.0,cable,functional,partial,yes,dipplick,,not_empties_the_apparatus,destroys_tool,
manrique2011spontaneous,1,2009,4,19,yasa,11,f,bonobo,15.0,2.0,cable,functional,partial,yes,dipplick,,not_empties_the_apparatus,destroys_tool,
manrique2011spontaneous,1,2009,4,19,yasa,11,f,bonobo,15.0,3.0,cable,functional,straw,yes,dipplick,,not_empties_the_apparatus,straw,
manrique2011spontaneous,1,2009,5,18,alex,8,m,chimpanzee,1.0,1.0,cable,functional,no,yes,dipplick,,not_empties_the_apparatus,no,
manrique2011spontaneous,1,2009,5,18,alex,8,m,chimpanzee,1.0,2.0,cable,functional,no,yes,dipplick,,not_empties_the_apparatus,no,
manrique2011spontaneous,1,2009,5,18,alex,8,m,chimpanzee,1.0,3.0,cable,functional,no,yes,dipplick,,not_empties_the_apparatus,no,
manrique2011spontaneous,1,2009,5,19,alex,8,m,chimpanzee,2.0,1.0,cable,functional,no,yes,dipplick,,not_empties_the_apparatus,no,
manrique2011spontaneous,1,2009,5,19,alex,8,m,chimpanzee,2.0,2.0,cable,functional,no,yes,dipplick,,not_empties_the_apparatus,no,
manrique2011spontaneous,1,2009,5,19,alex,8,m,chimpanzee,2.0,3.0,cable,functional,no,yes,dipplick,,not_empties_the_apparatus,no,
manrique2011spontaneous,1,2009,5,20,alex,8,m,chimpanzee,3.0,1.0,cable,functional,no,yes,dipplick,,not_empties_the_apparatus,no,
manrique2011spontaneous,1,2009,5,20,alex,8,m,chimpanzee,3.0,2.0,cable,functional,no,yes,dipplick,,not_empties_the_apparatus,no,
manrique2011spontaneous,1,2009,5,20,alex,8,m,chimpanzee,3.0,3.0,cable,functional,no,yes,dipplick,,not_empties_the_apparatus,no,
manrique2011spontaneous,1,2009,5,21,alex,8,m,chimpanzee,4.0,1.0,cable,functional,no,yes,dipplick,,not_empties_the_apparatus,no,
manrique2011spontaneous,1,2009,5,21,alex,8,m,chimpanzee,4.0,2.0,cable,functional,no,yes,dipplick,,not_empties_the_apparatus,no,
manrique2011spontaneous,1,2009,5,21,alex,8,m,chimpanzee,4.0,3.0,cable,functional,no,yes,dipplick,,not_empties_the_apparatus,no,
manrique2011spontaneous,1,2009,5,22,alex,8,m,chimpanzee,5.0,1.0,cable,functional,no,yes,dipplick,,not_empties_the_apparatus,no,
manrique2011spontaneous,1,2009,5,22,alex,8,m,chimpanzee,5.0,2.0,cable,functional,no,yes,dipplick,,not_empties_the_apparatus,no,
manrique2011spontaneous,1,2009,5,22,alex,8,m,chimpanzee,5.0,3.0,cable,functional,no,yes,strawlike,,empties_the_apparatus,no,
manrique2011spontaneous,1,2009,5,23,alex,8,m,chimpanzee,6.0,1.0,cable,functional,no,yes,strawlike,,empties_the_apparatus,no,
manrique2011spontaneous,1,2009,5,23,alex,8,m,chimpanzee,6.0,2.0,cable,functional,no,yes,strawlike,,empties_the_apparatus,no,
manrique2011spontaneous,1,2009,5,23,alex,8,m,chimpanzee,6.0,3.0,cable,functional,no,yes,strawlike,,empties_the_apparatus,no,
manrique2011spontaneous,1,2009,5,24,alex,8,m,chimpanzee,7.0,1.0,cable,functional,no,yes,strawlike,,empties_the_apparatus,no,
manrique2011spontaneous,1,2009,5,24,alex,8,m,chimpanzee,7.0,2.0,cable,functional,no,yes,strawlike,,empties_the_apparatus,no,
manrique2011spontaneous,1,2009,5,24,alex,8,m,chimpanzee,7.0,3.0,cable,functional,no,yes,strawlike,,empties_the_apparatus,no,
manrique2011spontaneous,1,2009,5,25,alex,8,m,chimpanzee,8.0,1.0,cable,functional,no,yes,strawlike,,empties_the_apparatus,no,
manrique2011spontaneous,1,2009,5,25,alex,8,m,chimpanzee,8.0,2.0,cable,functional,no,yes,strawlike,,empties_the_apparatus,no,
manrique2011spontaneous,1,2009,5,25,alex,8,m,chimpanzee,8.0,3.0,cable,functional,no,yes,strawlike,,empties_the_apparatus,no,
manrique2011spontaneous,1,2009,5,26,alex,8,m,chimpanzee,9.0,1.0,cable,functional,no,yes,strawlike,,empties_the_apparatus,no,
manrique2011spontaneous,1,2009,5,26,alex,8,m,chimpanzee,9.0,2.0,cable,functional,no,yes,strawlike,,empties_the_apparatus,no,
manrique2011spontaneous,1,2009,5,26,alex,8,m,chimpanzee,9.0,3.0,cable,functional,no,yes,strawlike,,empties_the_apparatus,no,
manrique2011spontaneous,1,2009,5,27,alex,8,m,chimpanzee,10.0,1.0,cable,nofunctional,no,yes,strawlike,,empties_the_apparatus,no,
manrique2011spontaneous,1,2009,5,27,alex,8,m,chimpanzee,10.0,2.0,cable,nofunctional,no,yes,strawlike,,empties_the_apparatus,no,
manrique2011spontaneous,1,2009,5,27,alex,8,m,chimpanzee,10.0,3.0,cable,nofunctional,no,yes,strawlike,,empties_the_apparatus,no,
manrique2011spontaneous,1,2009,5,28,alex,8,m,chimpanzee,11.0,1.0,cable,nofunctional,no,yes,strawlike,,empties_the_apparatus,no,
manrique2011spontaneous,1,2009,5,28,alex,8,m,chimpanzee,11.0,2.0,cable,nofunctional,no,yes,strawlike,,empties_the_apparatus,no,
manrique2011spontaneous,1,2009,5,28,alex,8,m,chimpanzee,11.0,3.0,cable,nofunctional,no,yes,strawlike,,empties_the_apparatus,no,
manrique2011spontaneous,1,2009,5,29,alex,8,m,chimpanzee,12.0,1.0,cable,nofunctional,no,yes,strawlike,,empties_the_apparatus,no,
manrique2011spontaneous,1,2009,5,29,alex,8,m,chimpanzee,12.0,2.0,cable,nofunctional,no,yes,strawlike,,empties_the_apparatus,no,
manrique2011spontaneous,1,2009,5,29,alex,8,m,chimpanzee,12.0,3.0,cable,nofunctional,no,yes,strawlike,,empties_the_apparatus,no,
manrique2011spontaneous,1,2009,5,30,alex,8,m,chimpanzee,13.0,1.0,cable,nofunctional,no,yes,strawlike,,empties_the_apparatus,no,
manrique2011spontaneous,1,2009,5,30,alex,8,m,chimpanzee,13.0,2.0,cable,nofunctional,no,yes,strawlike,,empties_the_apparatus,no,
manrique2011spontaneous,1,2009,5,30,alex,8,m,chimpanzee,13.0,3.0,cable,nofunctional,no,yes,strawlike,,empties_the_apparatus,no,
manrique2011spontaneous,1,2009,6,1,alex,8,m,chimpanzee,14.0,1.0,cable,nofunctional,no,yes,strawlike,,empties_the_apparatus,no,
manrique2011spontaneous,1,2009,6,1,alex,8,m,chimpanzee,14.0,2.0,cable,nofunctional,no,yes,strawlike,,empties_the_apparatus,no,
manrique2011spontaneous,1,2009,6,1,alex,8,m,chimpanzee,14.0,3.0,cable,nofunctional,no,yes,strawlike,,empties_the_apparatus,no,
manrique2011spontaneous,1,2009,6,2,alex,8,m,chimpanzee,15.0,1.0,cable,nofunctional,no,yes,strawlike,,empties_the_apparatus,no,
manrique2011spontaneous,1,2009,6,2,alex,8,m,chimpanzee,15.0,2.0,cable,nofunctional,no,yes,strawlike,,empties_the_apparatus,no,
manrique2011spontaneous,1,2009,6,2,alex,8,m,chimpanzee,15.0,3.0,cable,nofunctional,no,yes,strawlike,,empties_the_apparatus,no,
manrique2011spontaneous,1,2009,5,12,gertrudia,15,f,chimpanzee,1.0,1.0,cable,functional,no,yes,dipplick,,not_empties_the_apparatus,no,
manrique2011spontaneous,1,2009,5,12,gertrudia,15,f,chimpanzee,1.0,2.0,cable,functional,no,yes,dipplick,,not_empties_the_apparatus,no,
manrique2011spontaneous,1,2009,5,12,gertrudia,15,f,chimpanzee,1.0,3.0,cable,functional,no,yes,dipplick,,not_empties_the_apparatus,no,
manrique2011spontaneous,1,2009,5,18,gertrudia,16,f,chimpanzee,2.0,1.0,cable,functional,no,yes,dipplick,,not_empties_the_apparatus,no,
manrique2011spontaneous,1,2009,5,18,gertrudia,16,f,chimpanzee,2.0,2.0,cable,functional,no,yes,dipplick,,not_empties_the_apparatus,no,
manrique2011spontaneous,1,2009,5,18,gertrudia,16,f,chimpanzee,2.0,3.0,cable,functional,no,yes,dipplick,,not_empties_the_apparatus,no,
manrique2011spontaneous,1,2009,5,19,gertrudia,16,f,chimpanzee,3.0,1.0,cable,functional,no,yes,dipplick,,not_empties_the_apparatus,no,
manrique2011spontaneous,1,2009,5,19,gertrudia,16,f,chimpanzee,3.0,2.0,cable,functional,no,yes,dipplick,,not_empties_the_apparatus,no,
manrique2011spontaneous,1,2009,5,19,gertrudia,16,f,chimpanzee,3.0,3.0,cable,functional,no,yes,dipplick,,not_empties_the_apparatus,no,
manrique2011spontaneous,1,2009,5,20,gertrudia,16,f,chimpanzee,4.0,1.0,cable,functional,no,yes,dipplick,,not_empties_the_apparatus,no,
manrique2011spontaneous,1,2009,5,20,gertrudia,16,f,chimpanzee,4.0,2.0,cable,functional,no,yes,dipplick,,not_empties_the_apparatus,no,
manrique2011spontaneous,1,2009,5,20,gertrudia,16,f,chimpanzee,4.0,3.0,cable,functional,no,yes,dipplick,,not_empties_the_apparatus,no,
manrique2011spontaneous,1,2009,5,21,gertrudia,16,f,chimpanzee,5.0,1.0,cable,functional,no,yes,dipplick,,not_empties_the_apparatus,no,
manrique2011spontaneous,1,2009,5,21,gertrudia,16,f,chimpanzee,5.0,2.0,cable,functional,no,yes,dipplick,,not_empties_the_apparatus,no,
manrique2011spontaneous,1,2009,5,21,gertrudia,16,f,chimpanzee,5.0,3.0,cable,functional,no,yes,dipplick,,not_empties_the_apparatus,no,
manrique2011spontaneous,1,2009,5,22,gertrudia,16,f,chimpanzee,6.0,1.0,cable,functional,no,yes,dipplick,,not_empties_the_apparatus,no,
manrique2011spontaneous,1,2009,5,22,gertrudia,16,f,chimpanzee,6.0,2.0,cable,functional,no,yes,dipplick,,not_empties_the_apparatus,no,
manrique2011spontaneous,1,2009,5,22,gertrudia,16,f,chimpanzee,6.0,3.0,cable,functional,no,yes,dipplick,,not_empties_the_apparatus,no,
manrique2011spontaneous,1,2009,5,23,gertrudia,16,f,chimpanzee,7.0,1.0,cable,functional,no,yes,dipplick,,not_empties_the_apparatus,no,
manrique2011spontaneous,1,2009,5,23,gertrudia,16,f,chimpanzee,7.0,2.0,cable,functional,no,yes,dipplick,,not_empties_the_apparatus,no,
manrique2011spontaneous,1,2009,5,23,gertrudia,16,f,chimpanzee,7.0,3.0,cable,functional,no,yes,dipplick,,not_empties_the_apparatus,no,
manrique2011spontaneous,1,2009,5,24,gertrudia,16,f,chimpanzee,8.0,1.0,cable,functional,no,yes,dipplick,,not_empties_the_apparatus,no,
manrique2011spontaneous,1,2009,5,24,gertrudia,16,f,chimpanzee,8.0,2.0,cable,functional,no,yes,dipplick,,not_empties_the_apparatus,no,
manrique2011spontaneous,1,2009,5,24,gertrudia,16,f,chimpanzee,8.0,3.0,cable,functional,no,yes,dipplick,,not_empties_the_apparatus,no,
manrique2011spontaneous,1,2009,5,25,gertrudia,16,f,chimpanzee,9.0,1.0,cable,functional,no,yes,dipplick,,not_empties_the_apparatus,no,
manrique2011spontaneous,1,2009,5,25,gertrudia,16,f,chimpanzee,9.0,2.0,cable,functional,no,yes,dipplick,,not_empties_the_apparatus,no,
manrique2011spontaneous,1,2009,5,25,gertrudia,16,f,chimpanzee,9.0,3.0,cable,functional,no,yes,dipplick,,not_empties_the_apparatus,no,
manrique2011spontaneous,1,2009,5,26,gertrudia,16,f,chimpanzee,10.0,1.0,cable,nofunctional,no,yes,dipplick,,not_empties_the_apparatus,no,
manrique2011spontaneous,1,2009,5,26,gertrudia,16,f,chimpanzee,10.0,2.0,cable,nofunctional,no,yes,dipplick,,not_empties_the_apparatus,no,
manrique2011spontaneous,1,2009,5,26,gertrudia,16,f,chimpanzee,10.0,3.0,cable,nofunctional,no,yes,dipplick,,not_empties_the_apparatus,no,
manrique2011spontaneous,1,2009,5,27,gertrudia,16,f,chimpanzee,11.0,1.0,cable,nofunctional,no,yes,dipplick,,not_empties_the_apparatus,no,
manrique2011spontaneous,1,2009,5,27,gertrudia,16,f,chimpanzee,11.0,2.0,cable,nofunctional,no,yes,dipplick,,not_empties_the_apparatus,no,
manrique2011spontaneous,1,2009,5,27,gertrudia,16,f,chimpanzee,11.0,3.0,cable,nofunctional,no,yes,dipplick,,not_empties_the_apparatus,no,
manrique2011spontaneous,1,2009,5,28,gertrudia,16,f,chimpanzee,12.0,1.0,cable,nofunctional,no,yes,dipplick,,not_empties_the_apparatus,no,
manrique2011spontaneous,1,2009,5,28,gertrudia,16,f,chimpanzee,12.0,2.0,cable,nofunctional,no,yes,dipplick,,not_empties_the_apparatus,no,
manrique2011spontaneous,1,2009,5,28,gertrudia,16,f,chimpanzee,12.0,3.0,cable,nofunctional,no,yes,dipplick,,not_empties_the_apparatus,no,
manrique2011spontaneous,1,2009,5,29,gertrudia,16,f,chimpanzee,13.0,1.0,cable,nofunctional,no,yes,dipplick,,not_empties_the_apparatus,no,
manrique2011spontaneous,1,2009,5,29,gertrudia,16,f,chimpanzee,13.0,2.0,cable,nofunctional,no,yes,dipplick,,not_empties_the_apparatus,no,
manrique2011spontaneous,1,2009,5,29,gertrudia,16,f,chimpanzee,13.0,3.0,cable,nofunctional,no,yes,dipplick,,not_empties_the_apparatus,no,
manrique2011spontaneous,1,2009,5,30,gertrudia,16,f,chimpanzee,14.0,1.0,cable,nofunctional,no,yes,dipplick,,not_empties_the_apparatus,no,
manrique2011spontaneous,1,2009,5,30,gertrudia,16,f,chimpanzee,14.0,2.0,cable,nofunctional,no,yes,dipplick,,not_empties_the_apparatus,no,
manrique2011spontaneous,1,2009,5,30,gertrudia,16,f,chimpanzee,14.0,3.0,cable,nofunctional,no,yes,dipplick,,not_empties_the_apparatus,no,
manrique2011spontaneous,1,2009,6,1,gertrudia,16,f,chimpanzee,15.0,1.0,cable,nofunctional,no,yes,dipplick,,not_empties_the_apparatus,no,
manrique2011spontaneous,1,2009,6,1,gertrudia,16,f,chimpanzee,15.0,2.0,cable,nofunctional,no,yes,dipplick,,not_empties_the_apparatus,no,
manrique2011spontaneous,1,2009,6,1,gertrudia,16,f,chimpanzee,15.0,3.0,cable,nofunctional,no,yes,dipplick,,not_empties_the_apparatus,no,
manrique2011spontaneous,1,2009,5,11,jahaga,16,f,chimpanzee,1.0,1.0,cable,functional,no,yes,dipplick,,not_empties_the_apparatus,no,
manrique2011spontaneous,1,2009,5,11,jahaga,16,f,chimpanzee,1.0,2.0,cable,functional,no,yes,dipplick,,not_empties_the_apparatus,no,
manrique2011spontaneous,1,2009,5,11,jahaga,16,f,chimpanzee,1.0,3.0,cable,functional,no,yes,dipplick,,not_empties_the_apparatus,no,
manrique2011spontaneous,1,2009,5,12,jahaga,16,f,chimpanzee,2.0,1.0,cable,functional,no,yes,dipplick,,not_empties_the_apparatus,no,
manrique2011spontaneous,1,2009,5,12,jahaga,16,f,chimpanzee,2.0,2.0,cable,functional,no,yes,dipplick,,not_empties_the_apparatus,no,
manrique2011spontaneous,1,2009,5,12,jahaga,16,f,chimpanzee,2.0,3.0,cable,functional,no,yes,dipplick,,not_empties_the_apparatus,no,
manrique2011spontaneous,1,2009,5,18,jahaga,16,f,chimpanzee,3.0,1.0,cable,functional,no,yes,dipplick,,not_empties_the_apparatus,no,
manrique2011spontaneous,1,2009,5,18,jahaga,16,f,chimpanzee,3.0,2.0,cable,functional,no,yes,dipplick,,not_empties_the_apparatus,no,
manrique2011spontaneous,1,2009,5,18,jahaga,16,f,chimpanzee,3.0,3.0,cable,functional,no,yes,dipplick,,not_empties_the_apparatus,no,
manrique2011spontaneous,1,2009,5,19,jahaga,16,f,chimpanzee,4.0,1.0,cable,nofunctional,no,yes,dipplick,,not_empties_the_apparatus,no,
manrique2011spontaneous,1,2009,5,19,jahaga,16,f,chimpanzee,4.0,2.0,cable,nofunctional,no,yes,dipplick,,not_empties_the_apparatus,no,
manrique2011spontaneous,1,2009,5,19,jahaga,16,f,chimpanzee,4.0,3.0,cable,nofunctional,no,yes,dipplick,,not_empties_the_apparatus,no,
manrique2011spontaneous,1,2009,5,20,jahaga,16,f,chimpanzee,5.0,1.0,cable,nofunctional,no,yes,dipplick,,not_empties_the_apparatus,no,
manrique2011spontaneous,1,2009,5,20,jahaga,16,f,chimpanzee,5.0,2.0,cable,nofunctional,no,yes,dipplick,,not_empties_the_apparatus,no,
manrique2011spontaneous,1,2009,5,20,jahaga,16,f,chimpanzee,5.0,3.0,cable,nofunctional,no,yes,dipplick,,not_empties_the_apparatus,no,
manrique2011spontaneous,1,2009,5,21,jahaga,16,f,chimpanzee,6.0,1.0,cable,nofunctional,no,yes,dipplick,,not_empties_the_apparatus,no,
manrique2011spontaneous,1,2009,5,21,jahaga,16,f,chimpanzee,6.0,2.0,cable,nofunctional,no,yes,dipplick,,not_empties_the_apparatus,no,
manrique2011spontaneous,1,2009,5,21,jahaga,16,f,chimpanzee,6.0,3.0,cable,nofunctional,no,yes,dipplick,,not_empties_the_apparatus,no,
manrique2011spontaneous,1,2009,5,22,jahaga,16,f,chimpanzee,7.0,1.0,cable,nofunctional,no,yes,dipplick,,not_empties_the_apparatus,no,
manrique2011spontaneous,1,2009,5,22,jahaga,16,f,chimpanzee,7.0,2.0,cable,nofunctional,no,yes,dipplick,,not_empties_the_apparatus,no,
manrique2011spontaneous,1,2009,5,22,jahaga,16,f,chimpanzee,7.0,3.0,cable,nofunctional,no,yes,dipplick,,not_empties_the_apparatus,no,
manrique2011spontaneous,1,2009,5,23,jahaga,16,f,chimpanzee,8.0,1.0,cable,nofunctional,no,yes,dipplick,,not_empties_the_apparatus,no,
manrique2011spontaneous,1,2009,5,23,jahaga,16,f,chimpanzee,8.0,2.0,cable,nofunctional,no,yes,dipplick,,not_empties_the_apparatus,no,
manrique2011spontaneous,1,2009,5,23,jahaga,16,f,chimpanzee,8.0,3.0,cable,nofunctional,no,yes,dipplick,,not_empties_the_apparatus,no,
manrique2011spontaneous,1,2009,5,24,jahaga,16,f,chimpanzee,9.0,1.0,cable,nofunctional,no,yes,dipplick,,not_empties_the_apparatus,no,
manrique2011spontaneous,1,2009,5,24,jahaga,16,f,chimpanzee,9.0,2.0,cable,nofunctional,no,yes,dipplick,,not_empties_the_apparatus,no,
manrique2011spontaneous,1,2009,5,24,jahaga,16,f,chimpanzee,9.0,3.0,cable,nofunctional,no,yes,dipplick,,not_empties_the_apparatus,no,
manrique2011spontaneous,1,2009,5,25,jahaga,16,f,chimpanzee,10.0,1.0,cable,functional,no,yes,dipplick,,not_empties_the_apparatus,no,
manrique2011spontaneous,1,2009,5,25,jahaga,16,f,chimpanzee,10.0,2.0,cable,functional,no,yes,dipplick,,not_empties_the_apparatus,no,
manrique2011spontaneous,1,2009,5,25,jahaga,16,f,chimpanzee,10.0,3.0,cable,functional,no,yes,dipplick,,not_empties_the_apparatus,no,
manrique2011spontaneous,1,2009,5,26,jahaga,16,f,chimpanzee,11.0,1.0,cable,functional,no,yes,dipplick,,not_empties_the_apparatus,no,
manrique2011spontaneous,1,2009,5,26,jahaga,16,f,chimpanzee,11.0,2.0,cable,functional,no,yes,dipplick,,not_empties_the_apparatus,no,
manrique2011spontaneous,1,2009,5,26,jahaga,16,f,chimpanzee,11.0,3.0,cable,functional,no,yes,dipplick,,not_empties_the_apparatus,no,
manrique2011spontaneous,1,2009,5,27,jahaga,16,f,chimpanzee,12.0,1.0,cable,functional,no,yes,dipplick,,not_empties_the_apparatus,no,
manrique2011spontaneous,1,2009,5,27,jahaga,16,f,chimpanzee,12.0,2.0,cable,functional,no,yes,dipplick,,not_empties_the_apparatus,no,
manrique2011spontaneous,1,2009,5,27,jahaga,16,f,chimpanzee,12.0,3.0,cable,functional,no,yes,dipplick,,not_empties_the_apparatus,no,
manrique2011spontaneous,1,2009,5,28,jahaga,16,f,chimpanzee,13.0,1.0,cable,functional,no,yes,dipplick,,not_empties_the_apparatus,no,
manrique2011spontaneous,1,2009,5,28,jahaga,16,f,chimpanzee,13.0,2.0,cable,functional,no,yes,dipplick,,not_empties_the_apparatus,no,
manrique2011spontaneous,1,2009,5,28,jahaga,16,f,chimpanzee,13.0,3.0,cable,functional,no,yes,dipplick,,not_empties_the_apparatus,no,
manrique2011spontaneous,1,2009,5,29,jahaga,16,f,chimpanzee,14.0,1.0,cable,functional,no,yes,dipplick,,not_empties_the_apparatus,no,
manrique2011spontaneous,1,2009,5,29,jahaga,16,f,chimpanzee,14.0,2.0,cable,functional,no,yes,dipplick,,not_empties_the_apparatus,no,
manrique2011spontaneous,1,2009,5,29,jahaga,16,f,chimpanzee,14.0,3.0,cable,functional,no,yes,dipplick,,not_empties_the_apparatus,no,
manrique2011spontaneous,1,2009,5,30,jahaga,16,f,chimpanzee,15.0,1.0,cable,functional,no,yes,dipplick,,not_empties_the_apparatus,no,
manrique2011spontaneous,1,2009,5,30,jahaga,16,f,chimpanzee,15.0,2.0,cable,functional,no,yes,dipplick,,not_empties_the_apparatus,no,
manrique2011spontaneous,1,2009,5,30,jahaga,16,f,chimpanzee,15.0,3.0,cable,functional,no,yes,dipplick,,not_empties_the_apparatus,no,
manrique2011spontaneous,1,2009,5,11,fifi,16,f,chimpanzee,1.0,1.0,cable,functional,no,yes,dipplick,,not_empties_the_apparatus,no,
manrique2011spontaneous,1,2009,5,11,fifi,16,f,chimpanzee,1.0,2.0,cable,functional,no,yes,dipplick,,not_empties_the_apparatus,no,
manrique2011spontaneous,1,2009,5,11,fifi,16,f,chimpanzee,1.0,3.0,cable,functional,no,yes,dipplick,,not_empties_the_apparatus,no,
manrique2011spontaneous,1,2009,5,12,fifi,16,f,chimpanzee,2.0,1.0,cable,functional,no,yes,dipplick,,not_empties_the_apparatus,no,
manrique2011spontaneous,1,2009,5,12,fifi,16,f,chimpanzee,2.0,2.0,cable,functional,no,yes,dipplick,,not_empties_the_apparatus,no,
manrique2011spontaneous,1,2009,5,12,fifi,16,f,chimpanzee,2.0,3.0,cable,functional,no,yes,dipplick,,not_empties_the_apparatus,no,
manrique2011spontaneous,1,2009,5,18,fifi,16,f,chimpanzee,3.0,1.0,cable,functional,no,yes,dipplick,,not_empties_the_apparatus,no,
manrique2011spontaneous,1,2009,5,18,fifi,16,f,chimpanzee,3.0,2.0,cable,functional,no,yes,dipplick,,not_empties_the_apparatus,no,
manrique2011spontaneous,1,2009,5,18,fifi,16,f,chimpanzee,3.0,3.0,cable,functional,no,yes,dipplick,,not_empties_the_apparatus,no,
manrique2011spontaneous,1,2009,5,19,fifi,16,f,chimpanzee,4.0,1.0,cable,functional,no,yes,dipplick,,not_empties_the_apparatus,no,
manrique2011spontaneous,1,2009,5,19,fifi,16,f,chimpanzee,4.0,2.0,cable,functional,no,yes,dipplick,,not_empties_the_apparatus,no,
manrique2011spontaneous,1,2009,5,19,fifi,16,f,chimpanzee,4.0,3.0,cable,functional,no,yes,dipplick,,not_empties_the_apparatus,no,
manrique2011spontaneous,1,2009,5,20,fifi,16,f,chimpanzee,5.0,1.0,cable,functional,no,yes,dipplick,,not_empties_the_apparatus,no,
manrique2011spontaneous,1,2009,5,20,fifi,16,f,chimpanzee,5.0,2.0,cable,functional,no,yes,dipplick,,not_empties_the_apparatus,no,
manrique2011spontaneous,1,2009,5,20,fifi,16,f,chimpanzee,5.0,3.0,cable,functional,no,yes,dipplick,,not_empties_the_apparatus,no,
manrique2011spontaneous,1,2009,5,21,fifi,16,f,chimpanzee,6.0,1.0,cable,functional,no,yes,dipplick,,not_empties_the_apparatus,no,
manrique2011spontaneous,1,2009,5,21,fifi,16,f,chimpanzee,6.0,2.0,cable,functional,no,yes,dipplick,,not_empties_the_apparatus,no,
manrique2011spontaneous,1,2009,5,21,fifi,16,f,chimpanzee,6.0,3.0,cable,functional,no,yes,dipplick,,not_empties_the_apparatus,no,
manrique2011spontaneous,1,2009,5,22,fifi,16,f,chimpanzee,7.0,1.0,cable,functional,no,yes,dipplick,,not_empties_the_apparatus,no,
manrique2011spontaneous,1,2009,5,22,fifi,16,f,chimpanzee,7.0,2.0,cable,functional,no,yes,dipplick,,not_empties_the_apparatus,no,
manrique2011spontaneous,1,2009,5,22,fifi,16,f,chimpanzee,7.0,3.0,cable,functional,no,yes,dipplick,,not_empties_the_apparatus,no,
manrique2011spontaneous,1,2009,5,23,fifi,16,f,chimpanzee,8.0,1.0,cable,functional,no,yes,dipplick,,not_empties_the_apparatus,no,
manrique2011spontaneous,1,2009,5,23,fifi,16,f,chimpanzee,8.0,2.0,cable,functional,no,yes,dipplick,,not_empties_the_apparatus,no,
manrique2011spontaneous,1,2009,5,23,fifi,16,f,chimpanzee,8.0,3.0,cable,functional,no,yes,dipplick,,not_empties_the_apparatus,no,
manrique2011spontaneous,1,2009,5,24,fifi,16,f,chimpanzee,9.0,1.0,cable,functional,no,yes,dipplick,,not_empties_the_apparatus,no,
manrique2011spontaneous,1,2009,5,24,fifi,16,f,chimpanzee,9.0,2.0,cable,functional,no,yes,dipplick,,not_empties_the_apparatus,no,
manrique2011spontaneous,1,2009,5,24,fifi,16,f,chimpanzee,9.0,3.0,cable,functional,no,yes,dipplick,,not_empties_the_apparatus,no,
manrique2011spontaneous,1,2009,5,25,fifi,16,f,chimpanzee,10.0,1.0,cable,nofunctional,no,yes,dipplick,,not_empties_the_apparatus,no,
manrique2011spontaneous,1,2009,5,25,fifi,16,f,chimpanzee,10.0,2.0,cable,nofunctional,no,yes,dipplick,,not_empties_the_apparatus,no,
manrique2011spontaneous,1,2009,5,25,fifi,16,f,chimpanzee,10.0,3.0,cable,nofunctional,no,yes,dipplick,,not_empties_the_apparatus,no,
manrique2011spontaneous,1,2009,5,26,fifi,16,f,chimpanzee,11.0,1.0,cable,nofunctional,no,yes,dipplick,,not_empties_the_apparatus,no,
manrique2011spontaneous,1,2009,5,26,fifi,16,f,chimpanzee,11.0,2.0,cable,nofunctional,no,yes,dipplick,,not_empties_the_apparatus,no,
manrique2011spontaneous,1,2009,5,26,fifi,16,f,chimpanzee,11.0,3.0,cable,nofunctional,no,yes,dipplick,,not_empties_the_apparatus,no,
manrique2011spontaneous,1,2009,5,27,fifi,16,f,chimpanzee,12.0,1.0,cable,nofunctional,no,yes,dipplick,,not_empties_the_apparatus,no,
manrique2011spontaneous,1,2009,5,27,fifi,16,f,chimpanzee,12.0,2.0,cable,nofunctional,no,yes,dipplick,,not_empties_the_apparatus,no,
manrique2011spontaneous,1,2009,5,27,fifi,16,f,chimpanzee,12.0,3.0,cable,nofunctional,no,yes,dipplick,,not_empties_the_apparatus,no,
manrique2011spontaneous,1,2009,5,28,fifi,16,f,chimpanzee,13.0,1.0,cable,nofunctional,no,yes,dipplick,,not_empties_the_apparatus,no,
manrique2011spontaneous,1,2009,5,28,fifi,16,f,chimpanzee,13.0,2.0,cable,nofunctional,no,yes,dipplick,,not_empties_the_apparatus,no,
manrique2011spontaneous,1,2009,5,28,fifi,16,f,chimpanzee,13.0,3.0,cable,nofunctional,no,yes,dipplick,,not_empties_the_apparatus,no,
manrique2011spontaneous,1,2009,5,29,fifi,16,f,chimpanzee,14.0,1.0,cable,nofunctional,no,yes,dipplick,,not_empties_the_apparatus,no,
manrique2011spontaneous,1,2009,5,29,fifi,16,f,chimpanzee,14.0,2.0,cable,nofunctional,no,yes,dipplick,,not_empties_the_apparatus,no,
manrique2011spontaneous,1,2009,5,29,fifi,16,f,chimpanzee,14.0,3.0,cable,nofunctional,no,yes,dipplick,,not_empties_the_apparatus,no,
manrique2011spontaneous,1,2009,5,30,fifi,16,f,chimpanzee,15.0,1.0,cable,nofunctional,no,yes,dipplick,,not_empties_the_apparatus,no,
manrique2011spontaneous,1,2009,5,30,fifi,16,f,chimpanzee,15.0,2.0,cable,nofunctional,no,yes,dipplick,,not_empties_the_apparatus,no,
manrique2011spontaneous,1,2009,5,30,fifi,16,f,chimpanzee,15.0,3.0,cable,nofunctional,no,yes,dipplick,,not_empties_the_apparatus,no,
manrique2011spontaneous,1,2009,5,18,alexandra,9,f,chimpanzee,1.0,1.0,cable,functional,no,yes,dipplick,,not_empties_the_apparatus,no,
manrique2011spontaneous,1,2009,5,18,alexandra,9,f,chimpanzee,1.0,2.0,cable,functional,no,yes,dipplick,,not_empties_the_apparatus,no,
manrique2011spontaneous,1,2009,5,18,alexandra,9,f,chimpanzee,1.0,3.0,cable,functional,no,yes,dipplick,,not_empties_the_apparatus,no,
manrique2011spontaneous,1,2009,5,19,alexandra,9,f,chimpanzee,2.0,1.0,cable,functional,no,yes,dipplick,,not_empties_the_apparatus,no,
manrique2011spontaneous,1,2009,5,19,alexandra,9,f,chimpanzee,2.0,2.0,cable,functional,no,yes,dipplick,,not_empties_the_apparatus,no,
manrique2011spontaneous,1,2009,5,19,alexandra,9,f,chimpanzee,2.0,3.0,cable,functional,no,yes,dipplick,,not_empties_the_apparatus,no,
manrique2011spontaneous,1,2009,5,20,alexandra,9,f,chimpanzee,3.0,1.0,cable,functional,no,yes,dipplick,,not_empties_the_apparatus,no,
manrique2011spontaneous,1,2009,5,20,alexandra,9,f,chimpanzee,3.0,2.0,cable,functional,no,yes,dipplick,,not_empties_the_apparatus,no,
manrique2011spontaneous,1,2009,5,20,alexandra,9,f,chimpanzee,3.0,3.0,cable,functional,no,yes,dipplick,,not_empties_the_apparatus,no,
manrique2011spontaneous,1,2009,5,21,alexandra,9,f,chimpanzee,4.0,1.0,cable,nofunctional,no,yes,dipplick,,not_empties_the_apparatus,no,
manrique2011spontaneous,1,2009,5,21,alexandra,9,f,chimpanzee,4.0,2.0,cable,nofunctional,no,yes,dipplick,,not_empties_the_apparatus,no,
manrique2011spontaneous,1,2009,5,21,alexandra,9,f,chimpanzee,4.0,3.0,cable,nofunctional,no,yes,dipplick,,not_empties_the_apparatus,no,
manrique2011spontaneous,1,2009,5,22,alexandra,9,f,chimpanzee,5.0,1.0,cable,nofunctional,no,yes,dipplick,,not_empties_the_apparatus,no,
manrique2011spontaneous,1,2009,5,22,alexandra,9,f,chimpanzee,5.0,2.0,cable,nofunctional,no,yes,dipplick,,not_empties_the_apparatus,no,
manrique2011spontaneous,1,2009,5,22,alexandra,9,f,chimpanzee,5.0,3.0,cable,nofunctional,no,yes,dipplick,,not_empties_the_apparatus,no,
manrique2011spontaneous,1,2009,5,23,alexandra,9,f,chimpanzee,6.0,1.0,cable,nofunctional,no,yes,dipplick,,not_empties_the_apparatus,no,
manrique2011spontaneous,1,2009,5,23,alexandra,9,f,chimpanzee,6.0,2.0,cable,nofunctional,no,yes,dipplick,,not_empties_the_apparatus,no,
manrique2011spontaneous,1,2009,5,23,alexandra,9,f,chimpanzee,6.0,3.0,cable,nofunctional,no,yes,dipplick,,not_empties_the_apparatus,no,
manrique2011spontaneous,1,2009,5,24,alexandra,9,f,chimpanzee,7.0,1.0,cable,nofunctional,no,yes,dipplick,,not_empties_the_apparatus,no,
manrique2011spontaneous,1,2009,5,24,alexandra,9,f,chimpanzee,7.0,2.0,cable,nofunctional,no,yes,dipplick,,not_empties_the_apparatus,no,
manrique2011spontaneous,1,2009,5,24,alexandra,9,f,chimpanzee,7.0,3.0,cable,nofunctional,no,yes,dipplick,,not_empties_the_apparatus,no,
manrique2011spontaneous,1,2009,5,25,alexandra,9,f,chimpanzee,8.0,1.0,cable,nofunctional,no,yes,dipplick,,not_empties_the_apparatus,no,
manrique2011spontaneous,1,2009,5,25,alexandra,9,f,chimpanzee,8.0,2.0,cable,nofunctional,no,yes,dipplick,,not_empties_the_apparatus,no,
manrique2011spontaneous,1,2009,5,25,alexandra,9,f,chimpanzee,8.0,3.0,cable,nofunctional,no,yes,dipplick,,not_empties_the_apparatus,no,
manrique2011spontaneous,1,2009,5,26,alexandra,9,f,chimpanzee,9.0,1.0,cable,nofunctional,no,yes,dipplick,,not_empties_the_apparatus,no,
manrique2011spontaneous,1,2009,5,26,alexandra,9,f,chimpanzee,9.0,2.0,cable,nofunctional,no,yes,dipplick,,not_empties_the_apparatus,no,
manrique2011spontaneous,1,2009,5,26,alexandra,9,f,chimpanzee,9.0,3.0,cable,nofunctional,no,yes,dipplick,,not_empties_the_apparatus,no,
manrique2011spontaneous,1,2009,5,27,alexandra,9,f,chimpanzee,10.0,1.0,cable,functional,no,yes,dipplick,,not_empties_the_apparatus,no,
manrique2011spontaneous,1,2009,5,27,alexandra,9,f,chimpanzee,10.0,2.0,cable,functional,no,yes,dipplick,,not_empties_the_apparatus,no,
manrique2011spontaneous,1,2009,5,27,alexandra,9,f,chimpanzee,10.0,3.0,cable,functional,no,yes,dipplick,,not_empties_the_apparatus,no,
manrique2011spontaneous,1,2009,5,28,alexandra,9,f,chimpanzee,11.0,1.0,cable,functional,no,yes,dipplick,,not_empties_the_apparatus,no,
manrique2011spontaneous,1,2009,5,28,alexandra,9,f,chimpanzee,11.0,2.0,cable,functional,no,yes,dipplick,,not_empties_the_apparatus,no,
manrique2011spontaneous,1,2009,5,28,alexandra,9,f,chimpanzee,11.0,3.0,cable,functional,no,yes,dipplick,,not_empties_the_apparatus,no,
manrique2011spontaneous,1,2009,5,29,alexandra,9,f,chimpanzee,12.0,1.0,cable,functional,no,yes,dipplick,,not_empties_the_apparatus,no,
manrique2011spontaneous,1,2009,5,29,alexandra,9,f,chimpanzee,12.0,2.0,cable,functional,no,yes,dipplick,,not_empties_the_apparatus,no,
manrique2011spontaneous,1,2009,5,29,alexandra,9,f,chimpanzee,12.0,3.0,cable,functional,no,yes,dipplick,,not_empties_the_apparatus,no,
manrique2011spontaneous,1,2009,5,30,alexandra,9,f,chimpanzee,13.0,1.0,cable,functional,no,yes,dipplick,,not_empties_the_apparatus,no,
manrique2011spontaneous,1,2009,5,30,alexandra,9,f,chimpanzee,13.0,2.0,cable,functional,no,yes,dipplick,,not_empties_the_apparatus,no,
manrique2011spontaneous,1,2009,5,30,alexandra,9,f,chimpanzee,13.0,3.0,cable,functional,no,yes,dipplick,,not_empties_the_apparatus,no,
manrique2011spontaneous,1,2009,6,1,alexandra,9,f,chimpanzee,14.0,1.0,cable,functional,no,yes,dipplick,,not_empties_the_apparatus,no,
manrique2011spontaneous,1,2009,6,1,alexandra,9,f,chimpanzee,14.0,2.0,cable,functional,no,yes,dipplick,,not_empties_the_apparatus,no,
manrique2011spontaneous,1,2009,6,1,alexandra,9,f,chimpanzee,14.0,3.0,cable,functional,no,yes,dipplick,,not_empties_the_apparatus,no,
manrique2011spontaneous,1,2009,6,2,alexandra,9,f,chimpanzee,15.0,1.0,cable,functional,no,yes,dipplick,,not_empties_the_apparatus,no,
manrique2011spontaneous,1,2009,6,2,alexandra,9,f,chimpanzee,15.0,2.0,cable,functional,no,yes,dipplick,,not_empties_the_apparatus,no,
manrique2011spontaneous,1,2009,6,2,alexandra,9,f,chimpanzee,15.0,3.0,cable,functional,no,yes,dipplick,,not_empties_the_apparatus,,no_modify
manrique2011spontaneous,1,2009,1,12,bimbo,28,m,orangutan,1.0,1.0,cable,functional,no,yes,dipplick,,not_empties_the_apparatus,no,
manrique2011spontaneous,1,2009,1,12,bimbo,28,m,orangutan,1.0,2.0,cable,functional,no,no,notry,,not_empties_the_apparatus,no,
manrique2011spontaneous,1,2009,1,12,bimbo,28,m,orangutan,1.0,3.0,cable,functional,no,no,notry,,not_empties_the_apparatus,no,
manrique2011spontaneous,1,2009,1,16,bimbo,28,m,orangutan,2.0,1.0,cable,functional,no,yes,dipplick,,not_empties_the_apparatus,no,
manrique2011spontaneous,1,2009,1,16,bimbo,28,m,orangutan,2.0,2.0,cable,functional,straw,yes,dipplick,,not_empties_the_apparatus,straw,
manrique2011spontaneous,1,2009,1,16,bimbo,28,m,orangutan,2.0,3.0,cable,functional,no,yes,dipplick,,not_empties_the_apparatus,no,
manrique2011spontaneous,1,2009,1,17,bimbo,28,m,orangutan,3.0,1.0,cable,functional,no,yes,dipplick,,not_empties_the_apparatus,no,
manrique2011spontaneous,1,2009,1,17,bimbo,28,m,orangutan,3.0,2.0,cable,functional,no,yes,dipplick,,not_empties_the_apparatus,no,
manrique2011spontaneous,1,2009,1,17,bimbo,28,m,orangutan,3.0,3.0,cable,functional,no,yes,dipplick,,not_empties_the_apparatus,no,
manrique2011spontaneous,1,2009,1,19,bimbo,28,m,orangutan,4.0,1.0,cable,functional,no,yes,dipplick,,not_empties_the_apparatus,no,
manrique2011spontaneous,1,2009,1,19,bimbo,28,m,orangutan,4.0,2.0,cable,functional,no,yes,dipplick,,not_empties_the_apparatus,no,
manrique2011spontaneous,1,2009,1,19,bimbo,28,m,orangutan,4.0,3.0,cable,functional,no,yes,dipplick,,not_empties_the_apparatus,no,
manrique2011spontaneous,1,2009,1,22,bimbo,28,m,orangutan,5.0,1.0,cable,functional,partial,yes,dipplick,,not_empties_the_apparatus,destroys_tool,
manrique2011spontaneous,1,2009,1,22,bimbo,28,m,orangutan,5.0,2.0,cable,functional,straw,yes,dipplick,,not_empties_the_apparatus,straw,
manrique2011spontaneous,1,2009,1,22,bimbo,28,m,orangutan,5.0,3.0,cable,functional,straw,no,notry,,not_empties_the_apparatus,straw,
manrique2011spontaneous,1,2009,1,23,bimbo,28,m,orangutan,6.0,1.0,cable,functional,straw,no,notry,,not_empties_the_apparatus,straw,
manrique2011spontaneous,1,2009,1,23,bimbo,28,m,orangutan,6.0,2.0,cable,functional,straw,yes,dipplick,,not_empties_the_apparatus,straw,
manrique2011spontaneous,1,2009,1,23,bimbo,28,m,orangutan,6.0,3.0,cable,functional,straw,no,notry,,not_empties_the_apparatus,straw,
manrique2011spontaneous,1,2009,1,24,bimbo,28,m,orangutan,7.0,1.0,cable,functional,straw,yes,dipplick,,not_empties_the_apparatus,straw,
manrique2011spontaneous,1,2009,1,24,bimbo,28,m,orangutan,7.0,2.0,cable,functional,straw,yes,dipplick,,not_empties_the_apparatus,straw,
manrique2011spontaneous,1,2009,1,24,bimbo,28,m,orangutan,7.0,3.0,cable,functional,straw,yes,dipplick,,not_empties_the_apparatus,straw,
manrique2011spontaneous,1,2003,1,25,bimbo,22,m,orangutan,8.0,1.0,cable,functional,straw,yes,dipplick,,not_empties_the_apparatus,straw,
manrique2011spontaneous,1,2003,1,25,bimbo,22,m,orangutan,8.0,2.0,cable,functional,straw,yes,dipplick,,not_empties_the_apparatus,straw,
manrique2011spontaneous,1,2003,1,25,bimbo,22,m,orangutan,8.0,3.0,cable,functional,straw,yes,dipplick,,not_empties_the_apparatus,straw,
manrique2011spontaneous,1,2009,1,29,bimbo,28,m,orangutan,9.0,1.0,cable,functional,straw,yes,dipplick,,not_empties_the_apparatus,straw,
manrique2011spontaneous,1,2009,1,29,bimbo,28,m,orangutan,9.0,2.0,cable,functional,straw,yes,dipplick,,not_empties_the_apparatus,straw,
manrique2011spontaneous,1,2009,1,29,bimbo,28,m,orangutan,9.0,3.0,cable,functional,straw,yes,dipplick,,not_empties_the_apparatus,straw,
manrique2011spontaneous,1,2009,1,31,bimbo,28,m,orangutan,10.0,1.0,cable,nofunctional,straw,yes,dipplick,,not_empties_the_apparatus,straw,
manrique2011spontaneous,1,2009,1,31,bimbo,28,m,orangutan,10.0,2.0,cable,nofunctional,straw,yes,dipplick,,not_empties_the_apparatus,straw,
manrique2011spontaneous,1,2009,1,31,bimbo,28,m,orangutan,10.0,3.0,cable,nofunctional,straw,yes,dipplick,,not_empties_the_apparatus,straw,
manrique2011spontaneous,1,2009,2,1,bimbo,28,m,orangutan,11.0,1.0,cable,nofunctional,partial,yes,dipplick,,not_empties_the_apparatus,destroys_tool,
manrique2011spontaneous,1,2009,2,1,bimbo,28,m,orangutan,11.0,2.0,cable,nofunctional,no,yes,dipplick,,not_empties_the_apparatus,no,
manrique2011spontaneous,1,2009,2,1,bimbo,28,m,orangutan,11.0,3.0,cable,nofunctional,no,yes,dipplick,,not_empties_the_apparatus,no,
manrique2011spontaneous,1,2009,2,3,bimbo,28,m,orangutan,12.0,1.0,cable,nofunctional,straw,yes,dipplick,,not_empties_the_apparatus,straw,
manrique2011spontaneous,1,2009,2,3,bimbo,28,m,orangutan,12.0,2.0,cable,nofunctional,straw,yes,dipplick,,not_empties_the_apparatus,straw,
manrique2011spontaneous,1,2009,2,3,bimbo,28,m,orangutan,12.0,3.0,cable,nofunctional,straw,yes,dipplick,,not_empties_the_apparatus,straw,
manrique2011spontaneous,1,2009,2,6,bimbo,28,m,orangutan,13.0,1.0,cable,nofunctional,no,yes,dipplick,,not_empties_the_apparatus,no,
manrique2011spontaneous,1,2009,2,6,bimbo,28,m,orangutan,13.0,2.0,cable,nofunctional,straw,yes,dipplick,,not_empties_the_apparatus,straw,
manrique2011spontaneous,1,2009,2,6,bimbo,28,m,orangutan,13.0,3.0,cable,nofunctional,straw,yes,dipplick,,not_empties_the_apparatus,straw,
manrique2011spontaneous,1,2009,2,7,bimbo,28,m,orangutan,14.0,1.0,cable,nofunctional,straw,yes,dipplick,,not_empties_the_apparatus,straw,
manrique2011spontaneous,1,2009,2,7,bimbo,28,m,orangutan,14.0,2.0,cable,nofunctional,straw,yes,dipplick,,not_empties_the_apparatus,straw,
manrique2011spontaneous,1,2009,2,7,bimbo,28,m,orangutan,14.0,3.0,cable,nofunctional,straw,yes,dipplick,,not_empties_the_apparatus,straw,
manrique2011spontaneous,1,2009,2,8,bimbo,28,m,orangutan,15.0,1.0,cable,nofunctional,no,yes,dipplick,,not_empties_the_apparatus,no,
manrique2011spontaneous,1,2009,2,8,bimbo,28,m,orangutan,15.0,2.0,cable,nofunctional,no,yes,dipplick,,not_empties_the_apparatus,no,
manrique2011spontaneous,1,2009,2,8,bimbo,28,m,orangutan,15.0,3.0,cable,nofunctional,no,yes,dipplick,,not_empties_the_apparatus,no,
manrique2011spontaneous,1,2009,1,12,padana,11,f,orangutan,1.0,1.0,cable,functional,no,yes,strawlike,,empties_the_apparatus,no,
manrique2011spontaneous,1,2009,1,12,padana,11,f,orangutan,1.0,2.0,cable,functional,no,yes,strawlike,,empties_the_apparatus,no,
manrique2011spontaneous,1,2009,1,12,padana,11,f,orangutan,1.0,3.0,cable,functional,no,yes,strawlike,,empties_the_apparatus,no,
manrique2011spontaneous,1,2009,1,14,padana,11,f,orangutan,2.0,1.0,cable,functional,no,yes,strawlike,,empties_the_apparatus,no,
manrique2011spontaneous,1,2009,1,14,padana,11,f,orangutan,2.0,2.0,cable,functional,no,yes,strawlike,,empties_the_apparatus,no,
manrique2011spontaneous,1,2009,1,14,padana,11,f,orangutan,2.0,3.0,cable,functional,no,yes,strawlike,,empties_the_apparatus,no,
manrique2011spontaneous,1,2009,1,16,padana,11,f,orangutan,3.0,1.0,cable,functional,no,yes,strawlike,,empties_the_apparatus,no,
manrique2011spontaneous,1,2009,1,16,padana,11,f,orangutan,3.0,2.0,cable,functional,no,yes,strawlike,,empties_the_apparatus,no,
manrique2011spontaneous,1,2009,1,16,padana,11,f,orangutan,3.0,3.0,cable,functional,no,yes,strawlike,,empties_the_apparatus,no,
manrique2011spontaneous,1,2009,1,19,padana,11,f,orangutan,4.0,1.0,cable,nofunctional,no,yes,dipplick,,not_empties_the_apparatus,no,
manrique2011spontaneous,1,2009,1,19,padana,11,f,orangutan,4.0,2.0,cable,nofunctional,no,yes,strawlike,,empties_the_apparatus,no,
manrique2011spontaneous,1,2009,1,19,padana,11,f,orangutan,4.0,3.0,cable,nofunctional,no,yes,strawlike,,empties_the_apparatus,no,
manrique2011spontaneous,1,2009,1,22,padana,11,f,orangutan,5.0,1.0,cable,nofunctional,no,yes,strawlike,,empties_the_apparatus,no,
manrique2011spontaneous,1,2009,1,22,padana,11,f,orangutan,5.0,2.0,cable,nofunctional,no,yes,strawlike,,empties_the_apparatus,no,
manrique2011spontaneous,1,2009,1,22,padana,11,f,orangutan,5.0,3.0,cable,nofunctional,no,yes,strawlike,,empties_the_apparatus,no,
manrique2011spontaneous,1,2009,1,23,padana,11,f,orangutan,6.0,1.0,cable,nofunctional,no,yes,strawlike,,empties_the_apparatus,no,
manrique2011spontaneous,1,2009,1,23,padana,11,f,orangutan,6.0,2.0,cable,nofunctional,no,yes,strawlike,,empties_the_apparatus,no,
manrique2011spontaneous,1,2009,1,23,padana,11,f,orangutan,6.0,3.0,cable,nofunctional,no,yes,strawlike,,empties_the_apparatus,no,
manrique2011spontaneous,1,2009,1,24,padana,11,f,orangutan,7.0,1.0,cable,nofunctional,no,yes,strawlike,,empties_the_apparatus,no,
manrique2011spontaneous,1,2009,1,24,padana,11,f,orangutan,7.0,2.0,cable,nofunctional,no,yes,strawlike,,empties_the_apparatus,no,
manrique2011spontaneous,1,2009,1,24,padana,11,f,orangutan,7.0,3.0,cable,nofunctional,no,yes,strawlike,,empties_the_apparatus,no,
manrique2011spontaneous,1,2009,1,25,padana,11,f,orangutan,8.0,1.0,cable,nofunctional,no,yes,strawlike,,empties_the_apparatus,no,
manrique2011spontaneous,1,2009,1,25,padana,11,f,orangutan,8.0,2.0,cable,nofunctional,no,yes,strawlike,,empties_the_apparatus,no,
manrique2011spontaneous,1,2009,1,25,padana,11,f,orangutan,8.0,3.0,cable,nofunctional,no,yes,strawlike,,empties_the_apparatus,no,
manrique2011spontaneous,1,2009,1,27,padana,11,f,orangutan,9.0,1.0,cable,nofunctional,no,yes,strawlike,,empties_the_apparatus,no,
manrique2011spontaneous,1,2009,1,27,padana,11,f,orangutan,9.0,2.0,cable,nofunctional,no,yes,strawlike,,empties_the_apparatus,no,
manrique2011spontaneous,1,2009,1,27,padana,11,f,orangutan,9.0,3.0,cable,nofunctional,no,yes,strawlike,,empties_the_apparatus,no,
manrique2011spontaneous,1,2009,1,31,padana,11,f,orangutan,10.0,1.0,cable,functional,no,yes,strawlike,,empties_the_apparatus,no,
manrique2011spontaneous,1,2009,1,31,padana,11,f,orangutan,10.0,2.0,cable,functional,no,yes,strawlike,,empties_the_apparatus,no,
manrique2011spontaneous,1,2009,1,31,padana,11,f,orangutan,10.0,3.0,cable,functional,no,yes,strawlike,,empties_the_apparatus,no,
manrique2011spontaneous,1,2009,2,1,padana,11,f,orangutan,11.0,1.0,cable,functional,no,yes,strawlike,,empties_the_apparatus,no,
manrique2011spontaneous,1,2009,2,1,padana,11,f,orangutan,11.0,2.0,cable,functional,no,yes,strawlike,,empties_the_apparatus,no,
manrique2011spontaneous,1,2009,2,1,padana,11,f,orangutan,11.0,3.0,cable,functional,no,yes,strawlike,,empties_the_apparatus,no,
manrique2011spontaneous,1,2009,2,3,padana,11,f,orangutan,12.0,1.0,cable,functional,no,yes,strawlike,,empties_the_apparatus,no,
manrique2011spontaneous,1,2009,2,3,padana,11,f,orangutan,12.0,2.0,cable,functional,no,yes,strawlike,,empties_the_apparatus,no,
manrique2011spontaneous,1,2009,2,3,padana,11,f,orangutan,12.0,3.0,cable,functional,no,yes,strawlike,,empties_the_apparatus,no,
manrique2011spontaneous,1,2009,2,6,padana,11,f,orangutan,13.0,1.0,cable,functional,no,yes,strawlike,,empties_the_apparatus,no,
manrique2011spontaneous,1,2009,2,6,padana,11,f,orangutan,13.0,2.0,cable,functional,no,yes,strawlike,,empties_the_apparatus,no,
manrique2011spontaneous,1,2009,2,6,padana,11,f,orangutan,13.0,3.0,cable,functional,no,yes,strawlike,,empties_the_apparatus,no,
manrique2011spontaneous,1,2009,2,7,padana,11,f,orangutan,14.0,1.0,cable,functional,no,yes,strawlike,,empties_the_apparatus,no,
manrique2011spontaneous,1,2009,2,7,padana,11,f,orangutan,14.0,2.0,cable,functional,no,yes,strawlike,,empties_the_apparatus,no,
manrique2011spontaneous,1,2009,2,7,padana,11,f,orangutan,14.0,3.0,cable,functional,no,yes,strawlike,,empties_the_apparatus,no,
manrique2011spontaneous,1,2009,2,8,padana,11,f,orangutan,15.0,1.0,cable,functional,no,yes,strawlike,,empties_the_apparatus,no,
manrique2011spontaneous,1,2009,2,8,padana,11,f,orangutan,15.0,2.0,cable,functional,no,yes,strawlike,,empties_the_apparatus,no,
manrique2011spontaneous,1,2009,2,8,padana,11,f,orangutan,15.0,3.0,cable,functional,no,yes,strawlike,,empties_the_apparatus,no,
manrique2011spontaneous,1,2009,1,12,pini,20,f,orangutan,1.0,1.0,cable,functional,partial,no,notry,,not_empties_the_apparatus,destroys_tool,
manrique2011spontaneous,1,2009,1,12,pini,20,f,orangutan,1.0,2.0,cable,functional,partial,no,notry,,not_empties_the_apparatus,destroys_tool,
manrique2011spontaneous,1,2009,1,12,pini,20,f,orangutan,1.0,3.0,cable,functional,straw,yes,dipplick,,not_empties_the_apparatus,straw,
manrique2011spontaneous,1,2009,1,14,pini,20,f,orangutan,2.0,1.0,cable,functional,no,no,notry,,not_empties_the_apparatus,no,
manrique2011spontaneous,1,2009,1,14,pini,20,f,orangutan,2.0,2.0,cable,functional,partial,no,dipplick,,not_empties_the_apparatus,destroys_tool,
manrique2011spontaneous,1,2009,1,14,pini,20,f,orangutan,2.0,3.0,cable,functional,partial,no,strawlike,,not_empties_the_apparatus,destroys_tool,
manrique2011spontaneous,1,2009,1,16,pini,20,f,orangutan,3.0,1.0,cable,functional,no,yes,strawlike,,empties_the_apparatus,no,
manrique2011spontaneous,1,2009,1,16,pini,20,f,orangutan,3.0,2.0,cable,functional,no,yes,strawlike,,empties_the_apparatus,no,
manrique2011spontaneous,1,2009,1,16,pini,20,f,orangutan,3.0,3.0,cable,functional,no,yes,strawlike,,empties_the_apparatus,no,
manrique2011spontaneous,1,2009,1,19,pini,20,f,orangutan,4.0,1.0,cable,functional,no,yes,strawlike,,empties_the_apparatus,no,
manrique2011spontaneous,1,2009,1,19,pini,20,f,orangutan,4.0,2.0,cable,functional,no,yes,strawlike,,empties_the_apparatus,no,
manrique2011spontaneous,1,2009,1,19,pini,20,f,orangutan,4.0,3.0,cable,functional,no,yes,strawlike,,empties_the_apparatus,no,
manrique2011spontaneous,1,2009,1,22,pini,20,f,orangutan,5.0,1.0,cable,functional,no,yes,strawlike,,empties_the_apparatus,no,
manrique2011spontaneous,1,2009,1,22,pini,20,f,orangutan,5.0,2.0,cable,functional,no,yes,strawlike,,empties_the_apparatus,no,
manrique2011spontaneous,1,2009,1,22,pini,20,f,orangutan,5.0,3.0,cable,functional,no,yes,strawlike,,empties_the_apparatus,no,
manrique2011spontaneous,1,2009,1,23,pini,20,f,orangutan,6.0,1.0,cable,functional,no,yes,strawlike,,empties_the_apparatus,no,
manrique2011spontaneous,1,2009,1,23,pini,20,f,orangutan,6.0,2.0,cable,functional,no,yes,strawlike,,empties_the_apparatus,no,
manrique2011spontaneous,1,2009,1,23,pini,20,f,orangutan,6.0,3.0,cable,functional,no,yes,strawlike,,empties_the_apparatus,no,
manrique2011spontaneous,1,2009,1,24,pini,20,f,orangutan,7.0,1.0,cable,functional,no,yes,strawlike,,empties_the_apparatus,no,
manrique2011spontaneous,1,2009,1,24,pini,20,f,orangutan,7.0,2.0,cable,functional,no,yes,strawlike,,empties_the_apparatus,no,
manrique2011spontaneous,1,2009,1,24,pini,20,f,orangutan,7.0,3.0,cable,functional,no,yes,strawlike,,empties_the_apparatus,no,
manrique2011spontaneous,1,2009,1,25,pini,20,f,orangutan,8.0,1.0,cable,functional,no,yes,strawlike,,empties_the_apparatus,no,
manrique2011spontaneous,1,2009,1,25,pini,20,f,orangutan,8.0,2.0,cable,functional,no,yes,strawlike,,empties_the_apparatus,no,
manrique2011spontaneous,1,2009,1,25,pini,20,f,orangutan,8.0,3.0,cable,functional,no,yes,strawlike,,empties_the_apparatus,no,
manrique2011spontaneous,1,2009,1,29,pini,20,f,orangutan,9.0,1.0,cable,functional,no,yes,strawlike,,empties_the_apparatus,no,
manrique2011spontaneous,1,2009,1,29,pini,20,f,orangutan,9.0,2.0,cable,functional,no,yes,strawlike,,empties_the_apparatus,no,
manrique2011spontaneous,1,2009,1,29,pini,20,f,orangutan,9.0,3.0,cable,functional,no,yes,strawlike,,empties_the_apparatus,no,
manrique2011spontaneous,1,2009,1,31,pini,20,f,orangutan,10.0,1.0,cable,nofunctional,no,yes,strawlike,,empties_the_apparatus,no,
manrique2011spontaneous,1,2009,1,31,pini,20,f,orangutan,10.0,2.0,cable,nofunctional,no,yes,strawlike,,empties_the_apparatus,no,
manrique2011spontaneous,1,2009,1,31,pini,20,f,orangutan,10.0,3.0,cable,nofunctional,no,yes,strawlike,,empties_the_apparatus,no,
manrique2011spontaneous,1,2009,2,1,pini,20,f,orangutan,11.0,1.0,cable,nofunctional,no,yes,strawlike,,empties_the_apparatus,no,
manrique2011spontaneous,1,2009,2,1,pini,20,f,orangutan,11.0,2.0,cable,nofunctional,no,yes,strawlike,,empties_the_apparatus,no,
manrique2011spontaneous,1,2009,2,1,pini,20,f,orangutan,11.0,3.0,cable,nofunctional,no,yes,strawlike,,empties_the_apparatus,no,
manrique2011spontaneous,1,2009,2,3,pini,20,f,orangutan,12.0,1.0,cable,nofunctional,no,yes,strawlike,,empties_the_apparatus,no,
manrique2011spontaneous,1,2009,2,3,pini,20,f,orangutan,12.0,2.0,cable,nofunctional,no,yes,strawlike,,empties_the_apparatus,no,
manrique2011spontaneous,1,2009,2,3,pini,20,f,orangutan,12.0,3.0,cable,nofunctional,no,yes,strawlike,,empties_the_apparatus,no,
manrique2011spontaneous,1,2009,2,6,pini,20,f,orangutan,13.0,1.0,cable,nofunctional,no,yes,strawlike,,empties_the_apparatus,no,
manrique2011spontaneous,1,2009,2,6,pini,20,f,orangutan,13.0,2.0,cable,nofunctional,no,yes,strawlike,,empties_the_apparatus,no,
manrique2011spontaneous,1,2009,2,6,pini,20,f,orangutan,13.0,3.0,cable,nofunctional,no,yes,strawlike,,empties_the_apparatus,no,
manrique2011spontaneous,1,2009,2,7,pini,20,f,orangutan,14.0,1.0,cable,nofunctional,no,yes,strawlike,,empties_the_apparatus,no,
manrique2011spontaneous,1,2009,2,7,pini,20,f,orangutan,14.0,2.0,cable,nofunctional,no,yes,strawlike,,empties_the_apparatus,no,
manrique2011spontaneous,1,2009,2,7,pini,20,f,orangutan,14.0,3.0,cable,nofunctional,no,yes,strawlike,,empties_the_apparatus,no,
manrique2011spontaneous,1,2009,2,8,pini,20,f,orangutan,15.0,1.0,cable,nofunctional,no,yes,strawlike,,empties_the_apparatus,no,
manrique2011spontaneous,1,2009,2,8,pini,20,f,orangutan,15.0,2.0,cable,nofunctional,no,yes,strawlike,,empties_the_apparatus,no,
manrique2011spontaneous,1,2009,2,8,pini,20,f,orangutan,15.0,3.0,cable,nofunctional,no,yes,strawlike,,empties_the_apparatus,no,
manrique2011spontaneous,1,2009,1,12,dokana,19,f,orangutan,1.0,1.0,cable,functional,no,yes,strawlike,,empties_the_apparatus,no,
manrique2011spontaneous,1,2009,1,12,dokana,19,f,orangutan,1.0,2.0,cable,functional,no,yes,strawlike,,empties_the_apparatus,no,
manrique2011spontaneous,1,2009,1,12,dokana,19,f,orangutan,1.0,3.0,cable,functional,no,yes,strawlike,,empties_the_apparatus,no,
manrique2011spontaneous,1,2009,1,14,dokana,19,f,orangutan,2.0,1.0,cable,functional,no,yes,strawlike,,empties_the_apparatus,no,
manrique2011spontaneous,1,2009,1,14,dokana,19,f,orangutan,2.0,2.0,cable,functional,no,yes,strawlike,,empties_the_apparatus,no,
manrique2011spontaneous,1,2009,1,14,dokana,19,f,orangutan,2.0,3.0,cable,functional,no,yes,strawlike,,empties_the_apparatus,no,
manrique2011spontaneous,1,2009,1,16,dokana,19,f,orangutan,3.0,1.0,cable,functional,no,yes,strawlike,,empties_the_apparatus,no,
manrique2011spontaneous,1,2009,1,16,dokana,19,f,orangutan,3.0,2.0,cable,functional,no,yes,strawlike,,empties_the_apparatus,no,
manrique2011spontaneous,1,2009,1,16,dokana,19,f,orangutan,3.0,3.0,cable,functional,no,yes,strawlike,,empties_the_apparatus,no,
manrique2011spontaneous,1,2009,1,19,dokana,19,f,orangutan,4.0,1.0,cable,functional,no,yes,strawlike,,empties_the_apparatus,no,
manrique2011spontaneous,1,2009,1,19,dokana,19,f,orangutan,4.0,2.0,cable,functional,no,yes,strawlike,,empties_the_apparatus,no,
manrique2011spontaneous,1,2009,1,19,dokana,19,f,orangutan,4.0,3.0,cable,functional,no,yes,strawlike,,empties_the_apparatus,no,
manrique2011spontaneous,1,2009,1,22,dokana,19,f,orangutan,5.0,1.0,cable,functional,no,yes,strawlike,,empties_the_apparatus,no,
manrique2011spontaneous,1,2009,1,22,dokana,19,f,orangutan,5.0,2.0,cable,functional,no,yes,strawlike,,empties_the_apparatus,no,
manrique2011spontaneous,1,2009,1,22,dokana,19,f,orangutan,5.0,3.0,cable,functional,no,yes,strawlike,,empties_the_apparatus,no,
manrique2011spontaneous,1,2009,1,23,dokana,19,f,orangutan,6.0,1.0,cable,functional,no,yes,strawlike,,empties_the_apparatus,no,
manrique2011spontaneous,1,2009,1,23,dokana,19,f,orangutan,6.0,2.0,cable,functional,no,yes,strawlike,,empties_the_apparatus,no,
manrique2011spontaneous,1,2009,1,23,dokana,19,f,orangutan,6.0,3.0,cable,functional,no,yes,strawlike,,empties_the_apparatus,no,
manrique2011spontaneous,1,2009,1,24,dokana,19,f,orangutan,7.0,1.0,cable,functional,no,yes,strawlike,,empties_the_apparatus,no,
manrique2011spontaneous,1,2009,1,24,dokana,19,f,orangutan,7.0,2.0,cable,functional,no,yes,strawlike,,empties_the_apparatus,no,
manrique2011spontaneous,1,2009,1,24,dokana,19,f,orangutan,7.0,3.0,cable,functional,no,yes,strawlike,,empties_the_apparatus,no,
manrique2011spontaneous,1,2009,1,25,dokana,19,f,orangutan,8.0,1.0,cable,functional,no,yes,strawlike,,empties_the_apparatus,no,
manrique2011spontaneous,1,2009,1,25,dokana,19,f,orangutan,8.0,2.0,cable,functional,no,yes,strawlike,,empties_the_apparatus,no,
manrique2011spontaneous,1,2009,1,25,dokana,19,f,orangutan,8.0,3.0,cable,functional,no,yes,strawlike,,empties_the_apparatus,no,
manrique2011spontaneous,1,2009,1,29,dokana,20,f,orangutan,9.0,1.0,cable,functional,no,yes,strawlike,,empties_the_apparatus,no,
manrique2011spontaneous,1,2009,1,29,dokana,20,f,orangutan,9.0,2.0,cable,functional,no,yes,strawlike,,empties_the_apparatus,no,
manrique2011spontaneous,1,2009,1,29,dokana,20,f,orangutan,9.0,3.0,cable,functional,no,yes,strawlike,,empties_the_apparatus,no,
manrique2011spontaneous,1,2009,1,14,dunja,35,f,orangutan,1.0,1.0,cable,functional,no,yes,dipplick,,not_empties_the_apparatus,no,
manrique2011spontaneous,1,2009,1,14,dunja,35,f,orangutan,1.0,2.0,cable,functional,no,yes,dipplick,,not_empties_the_apparatus,no,
manrique2011spontaneous,1,2009,1,14,dunja,35,f,orangutan,1.0,3.0,cable,functional,straw,yes,dipplick,,not_empties_the_apparatus,straw,
manrique2011spontaneous,1,2009,1,16,dunja,35,f,orangutan,2.0,1.0,cable,functional,straw,no,notry,,not_empties_the_apparatus,straw,
manrique2011spontaneous,1,2009,1,16,dunja,35,f,orangutan,2.0,2.0,cable,functional,straw,no,notry,,not_empties_the_apparatus,straw,
manrique2011spontaneous,1,2009,1,16,dunja,35,f,orangutan,2.0,3.0,cable,functional,no,no,notry,,not_empties_the_apparatus,no,
manrique2011spontaneous,1,2009,1,17,dunja,35,f,orangutan,3.0,1.0,cable,functional,straw,yes,dipplick,,not_empties_the_apparatus,straw,
manrique2011spontaneous,1,2009,1,17,dunja,35,f,orangutan,3.0,2.0,cable,functional,no,no,notry,,not_empties_the_apparatus,no,
manrique2011spontaneous,1,2009,1,17,dunja,35,f,orangutan,3.0,3.0,cable,functional,partial,yes,dipplick,,not_empties_the_apparatus,destroys_tool,
manrique2011spontaneous,1,2009,1,19,dunja,35,f,orangutan,4.0,1.0,cable,nofunctional,straw,no,notry,,not_empties_the_apparatus,straw,
manrique2011spontaneous,1,2009,1,19,dunja,35,f,orangutan,4.0,2.0,cable,nofunctional,straw,no,notry,,not_empties_the_apparatus,straw,
manrique2011spontaneous,1,2009,1,19,dunja,35,f,orangutan,4.0,3.0,cable,nofunctional,straw,no,notry,,not_empties_the_apparatus,straw,
manrique2011spontaneous,1,2009,1,22,dunja,35,f,orangutan,5.0,1.0,cable,nofunctional,straw,no,notry,,not_empties_the_apparatus,straw,
manrique2011spontaneous,1,2009,1,22,dunja,35,f,orangutan,5.0,2.0,cable,nofunctional,straw,no,notry,,not_empties_the_apparatus,straw,
manrique2011spontaneous,1,2009,1,22,dunja,35,f,orangutan,5.0,3.0,cable,nofunctional,straw,no,notry,,not_empties_the_apparatus,straw,
manrique2011spontaneous,1,2009,1,23,dunja,35,f,orangutan,6.0,1.0,cable,nofunctional,straw,no,notry,,not_empties_the_apparatus,straw,
manrique2011spontaneous,1,2009,1,23,dunja,35,f,orangutan,6.0,2.0,cable,nofunctional,straw,no,notry,,not_empties_the_apparatus,straw,
manrique2011spontaneous,1,2009,1,23,dunja,35,f,orangutan,6.0,3.0,cable,nofunctional,straw,no,notry,,not_empties_the_apparatus,straw,
manrique2011spontaneous,1,2009,1,24,dunja,35,f,orangutan,7.0,1.0,cable,nofunctional,straw,no,notry,,not_empties_the_apparatus,straw,
manrique2011spontaneous,1,2009,1,24,dunja,35,f,orangutan,7.0,2.0,cable,nofunctional,straw,no,notry,,not_empties_the_apparatus,straw,
manrique2011spontaneous,1,2009,1,24,dunja,35,f,orangutan,7.0,3.0,cable,nofunctional,straw,yes,dipplick,,not_empties_the_apparatus,straw,
manrique2011spontaneous,1,2009,1,25,dunja,35,f,orangutan,8.0,1.0,cable,nofunctional,straw,no,notry,,not_empties_the_apparatus,straw,
manrique2011spontaneous,1,2009,1,25,dunja,35,f,orangutan,8.0,2.0,cable,nofunctional,straw,no,notry,,not_empties_the_apparatus,straw,
manrique2011spontaneous,1,2009,1,25,dunja,35,f,orangutan,8.0,3.0,cable,nofunctional,straw,no,notry,,not_empties_the_apparatus,straw,
manrique2011spontaneous,1,2009,1,27,dunja,35,f,orangutan,9.0,1.0,cable,nofunctional,straw,no,notry,,not_empties_the_apparatus,straw,
manrique2011spontaneous,1,2009,1,27,dunja,35,f,orangutan,9.0,2.0,cable,nofunctional,straw,no,notry,,not_empties_the_apparatus,straw,
manrique2011spontaneous,1,2009,1,27,dunja,35,f,orangutan,9.0,3.0,cable,nofunctional,straw,no,notry,,not_empties_the_apparatus,straw,
manrique2011spontaneous,1,2009,2,10,dunja,35,f,orangutan,10.0,1.0,cable,functional,straw,yes,dipplick,,not_empties_the_apparatus,straw,
manrique2011spontaneous,1,2009,2,10,dunja,35,f,orangutan,10.0,2.0,cable,functional,straw,yes,notry,,not_empties_the_apparatus,straw,
manrique2011spontaneous,1,2009,2,10,dunja,35,f,orangutan,10.0,3.0,cable,functional,straw,yes,notry,,not_empties_the_apparatus,straw,
manrique2011spontaneous,1,2009,2,14,dunja,35,f,orangutan,11.0,1.0,cable,functional,straw,yes,dipplick,,not_empties_the_apparatus,straw,
manrique2011spontaneous,1,2009,2,14,dunja,35,f,orangutan,11.0,2.0,cable,functional,straw,yes,notry,,not_empties_the_apparatus,straw,
manrique2011spontaneous,1,2009,2,14,dunja,35,f,orangutan,11.0,3.0,cable,functional,straw,yes,notry,,not_empties_the_apparatus,straw,
manrique2011spontaneous,1,2009,2,15,dunja,35,f,orangutan,12.0,1.0,cable,functional,straw,yes,dipplick,,not_empties_the_apparatus,straw,
manrique2011spontaneous,1,2009,2,15,dunja,35,f,orangutan,12.0,2.0,cable,functional,no,yes,dipplick,,not_empties_the_apparatus,no,
manrique2011spontaneous,1,2009,2,15,dunja,35,f,orangutan,12.0,3.0,cable,functional,no,no,notry,,not_empties_the_apparatus,no,
manrique2011spontaneous,1,2009,2,16,dunja,35,f,orangutan,13.0,1.0,cable,functional,no,yes,dipplick,,not_empties_the_apparatus,no,
manrique2011spontaneous,1,2009,2,16,dunja,35,f,orangutan,13.0,2.0,cable,functional,straw,yes,dipplick,,not_empties_the_apparatus,straw,
manrique2011spontaneous,1,2009,2,16,dunja,35,f,orangutan,13.0,3.0,cable,functional,no,no,notry,,not_empties_the_apparatus,no,
manrique2011spontaneous,1,2009,2,18,dunja,35,f,orangutan,14.0,1.0,cable,functional,straw,yes,dipplick,,not_empties_the_apparatus,straw,
manrique2011spontaneous,1,2009,2,18,dunja,35,f,orangutan,14.0,2.0,cable,functional,straw,yes,dipplick,,not_empties_the_apparatus,straw,
manrique2011spontaneous,1,2009,2,18,dunja,35,f,orangutan,14.0,3.0,cable,functional,no,yes,dipplick,,not_empties_the_apparatus,no,
manrique2011spontaneous,1,2009,2,20,dunja,35,f,orangutan,15.0,1.0,cable,functional,straw,yes,dipplick,,not_empties_the_apparatus,straw,
manrique2011spontaneous,1,2009,2,20,dunja,35,f,orangutan,15.0,2.0,cable,functional,no,no,notry,,not_empties_the_apparatus,no,
manrique2011spontaneous,1,2009,2,20,dunja,35,f,orangutan,15.0,3.0,cable,functional,no,no,notry,,not_empties_the_apparatus,no,
manrique2011spontaneous,1,2009,1,12,kila,8,f,orangutan,1.0,1.0,cable,functional,no,yes,strawlike,,empties_the_apparatus,no,
manrique2011spontaneous,1,2009,1,12,kila,8,f,orangutan,1.0,2.0,cable,functional,no,yes,strawlike,,empties_the_apparatus,no,
manrique2011spontaneous,1,2009,1,12,kila,8,f,orangutan,1.0,3.0,cable,functional,partial,yes,strawlike,,empties_the_apparatus,destroys_tool,
manrique2011spontaneous,1,2009,1,14,kila,8,f,orangutan,2.0,1.0,cable,functional,no,yes,strawlike,,empties_the_apparatus,no,
manrique2011spontaneous,1,2009,1,14,kila,8,f,orangutan,2.0,2.0,cable,functional,no,yes,strawlike,,empties_the_apparatus,no,
manrique2011spontaneous,1,2009,1,14,kila,8,f,orangutan,2.0,3.0,cable,functional,no,yes,strawlike,,empties_the_apparatus,no,
manrique2011spontaneous,1,2009,1,16,kila,8,f,orangutan,3.0,1.0,cable,functional,no,yes,strawlike,,empties_the_apparatus,no,
manrique2011spontaneous,1,2009,1,16,kila,8,f,orangutan,3.0,2.0,cable,functional,no,yes,strawlike,,empties_the_apparatus,no,
manrique2011spontaneous,1,2009,1,16,kila,8,f,orangutan,3.0,3.0,cable,functional,partial,yes,strawlike,,empties_the_apparatus,destroys_tool,
manrique2011spontaneous,1,2009,1,19,kila,8,f,orangutan,4.0,1.0,cable,nofunctional,partial,yes,dipplick,,not_empties_the_apparatus,destroys_tool,
manrique2011spontaneous,1,2009,1,19,kila,8,f,orangutan,4.0,2.0,cable,nofunctional,partial,yes,dipplick,,not_empties_the_apparatus,destroys_tool,
manrique2011spontaneous,1,2009,1,19,kila,8,f,orangutan,4.0,3.0,cable,nofunctional,partial,yes,dipplick,,not_empties_the_apparatus,destroys_tool,
manrique2011spontaneous,1,2009,1,22,kila,8,f,orangutan,5.0,1.0,cable,nofunctional,partial,yes,dipplick,,not_empties_the_apparatus,destroys_tool,
manrique2011spontaneous,1,2009,1,22,kila,8,f,orangutan,5.0,2.0,cable,nofunctional,partial,yes,dipplick,,not_empties_the_apparatus,destroys_tool,
manrique2011spontaneous,1,2009,1,22,kila,8,f,orangutan,5.0,3.0,cable,nofunctional,no,yes,dipplick,,not_empties_the_apparatus,no,
manrique2011spontaneous,1,2009,1,23,kila,8,f,orangutan,6.0,1.0,cable,nofunctional,no,yes,dipplick,,not_empties_the_apparatus,no,
manrique2011spontaneous,1,2009,1,23,kila,8,f,orangutan,6.0,2.0,cable,nofunctional,no,yes,strawlike,,empties_the_apparatus,no,
manrique2011spontaneous,1,2009,1,23,kila,8,f,orangutan,6.0,3.0,cable,nofunctional,no,yes,strawlike,,empties_the_apparatus,no,
manrique2011spontaneous,1,2009,1,24,kila,8,f,orangutan,7.0,1.0,cable,nofunctional,no,yes,strawlike,,empties_the_apparatus,no,
manrique2011spontaneous,1,2009,1,24,kila,8,f,orangutan,7.0,2.0,cable,nofunctional,no,yes,strawlike,,empties_the_apparatus,no,
manrique2011spontaneous,1,2009,1,24,kila,8,f,orangutan,7.0,3.0,cable,nofunctional,no,yes,strawlike,,empties_the_apparatus,no,
manrique2011spontaneous,1,2009,1,25,kila,8,f,orangutan,8.0,1.0,cable,nofunctional,no,yes,strawlike,,empties_the_apparatus,no,
manrique2011spontaneous,1,2009,1,25,kila,8,f,orangutan,8.0,2.0,cable,nofunctional,no,yes,strawlike,,empties_the_apparatus,no,
manrique2011spontaneous,1,2009,1,25,kila,8,f,orangutan,8.0,3.0,cable,nofunctional,no,yes,strawlike,,empties_the_apparatus,no,
manrique2011spontaneous,1,2009,1,27,kila,8,f,orangutan,9.0,1.0,cable,nofunctional,no,yes,strawlike,,empties_the_apparatus,no,
manrique2011spontaneous,1,2009,1,27,kila,8,f,orangutan,9.0,2.0,cable,nofunctional,no,yes,strawlike,,empties_the_apparatus,no,
manrique2011spontaneous,1,2009,1,27,kila,8,f,orangutan,9.0,3.0,cable,nofunctional,no,yes,strawlike,,empties_the_apparatus,no,
manrique2011spontaneous,1,2009,2,10,kila,8,f,orangutan,10.0,1.0,cable,functional,no,yes,strawlike,,empties_the_apparatus,no,
manrique2011spontaneous,1,2009,2,10,kila,8,f,orangutan,10.0,2.0,cable,functional,no,yes,strawlike,,empties_the_apparatus,no,
manrique2011spontaneous,1,2009,2,10,kila,8,f,orangutan,10.0,3.0,cable,functional,no,yes,strawlike,,empties_the_apparatus,no,
manrique2011spontaneous,1,2009,2,12,kila,8,f,orangutan,11.0,1.0,cable,functional,no,yes,strawlike,,empties_the_apparatus,no,
manrique2011spontaneous,1,2009,2,12,kila,8,f,orangutan,11.0,2.0,cable,functional,partial,yes,strawlike,,empties_the_apparatus,destroys_tool,
manrique2011spontaneous,1,2009,2,12,kila,8,f,orangutan,11.0,3.0,cable,functional,partial,yes,strawlike,,empties_the_apparatus,destroys_tool,
manrique2011spontaneous,1,2009,2,14,kila,8,f,orangutan,12.0,1.0,cable,functional,no,yes,strawlike,,empties_the_apparatus,no,
manrique2011spontaneous,1,2009,2,14,kila,8,f,orangutan,12.0,2.0,cable,functional,no,yes,strawlike,,empties_the_apparatus,no,
manrique2011spontaneous,1,2009,2,14,kila,8,f,orangutan,12.0,3.0,cable,functional,no,yes,strawlike,,empties_the_apparatus,no,
manrique2011spontaneous,1,2009,2,15,kila,8,f,orangutan,13.0,1.0,cable,functional,no,yes,strawlike,,empties_the_apparatus,no,
manrique2011spontaneous,1,2009,2,15,kila,8,f,orangutan,13.0,2.0,cable,functional,no,yes,strawlike,,empties_the_apparatus,no,
manrique2011spontaneous,1,2009,2,15,kila,8,f,orangutan,13.0,3.0,cable,functional,partial,yes,strawlike,,empties_the_apparatus,destroys_tool,
manrique2011spontaneous,1,2009,2,16,kila,8,f,orangutan,14.0,1.0,cable,functional,no,yes,strawlike,,empties_the_apparatus,no,
manrique2011spontaneous,1,2009,2,16,kila,8,f,orangutan,14.0,2.0,cable,functional,straw,yes,strawlike,,empties_the_apparatus,straw,
manrique2011spontaneous,1,2009,2,16,kila,8,f,orangutan,14.0,3.0,cable,functional,straw,yes,strawlike,,empties_the_apparatus,straw,
manrique2011spontaneous,1,2009,2,18,kila,8,f,orangutan,15.0,1.0,cable,functional,no,yes,strawlike,,empties_the_apparatus,no,
manrique2011spontaneous,1,2009,2,18,kila,8,f,orangutan,15.0,2.0,cable,functional,no,yes,strawlike,,empties_the_apparatus,no,
manrique2011spontaneous,1,2009,2,18,kila,8,f,orangutan,15.0,3.0,cable,functional,partial,yes,strawlike,,empties_the_apparatus,destroys_tool,
