study_id,experiment,experiment_name,year,month,day,participant,age_original,age_in_years,sex,species,session,trial,condition,exp_group,order,choice,sum_correct,feature,place
kanngiesser2010bonobos,3,table_follow_up,2008,5,22,joey,24,25,m,bonobo,1,1,training,learn,e1_e2,search_baited_location,,100*,0
kanngiesser2010bonobos,3,table_follow_up,2008,5,22,joey,24,25,m,bonobo,1,2,training,learn,e1_e2,search_nonbaited_location,,100*,0
kanngiesser2010bonobos,3,table_follow_up,2008,5,22,joey,24,25,m,bonobo,1,3,training,learn,e1_e2,search_nonbaited_location,,100*,0
kanngiesser2010bonobos,3,table_follow_up,2008,5,22,joey,24,25,m,bonobo,1,4,training,learn,e1_e2,search_baited_location,,100*,0
kanngiesser2010bonobos,3,table_follow_up,2008,5,22,joey,24,25,m,bonobo,1,5,training,learn,e1_e2,search_baited_location,,100*,0
kanngiesser2010bonobos,3,table_follow_up,2008,5,22,joey,24,25,m,bonobo,1,6,training,learn,e1_e2,search_baited_location,,100*,0
kanngiesser2010bonobos,3,table_follow_up,2008,5,22,joey,24,25,m,bonobo,1,7,training,learn,e1_e2,search_baited_location,,100*,0
kanngiesser2010bonobos,3,table_follow_up,2008,5,22,joey,24,25,m,bonobo,1,8,training,learn,e1_e2,search_baited_location,,100*,0
kanngiesser2010bonobos,3,table_follow_up,2008,5,22,joey,24,25,m,bonobo,1,9,training,learn,e1_e2,search_baited_location,,100*,0
kanngiesser2010bonobos,3,table_follow_up,2008,5,22,joey,24,25,m,bonobo,1,10,training,learn,e1_e2,search_baited_location,,100*,0
kanngiesser2010bonobos,3,table_follow_up,2008,5,22,joey,24,25,m,bonobo,1,11,training,learn,e1_e2,search_baited_location,,100*,0
kanngiesser2010bonobos,3,table_follow_up,2008,5,22,joey,24,25,m,bonobo,1,12,training,learn,e1_e2,search_baited_location,10.0,100*,0
kanngiesser2010bonobos,3,table_follow_up,2008,5,26,joey,24,25,m,bonobo,2,1,training,learn,e1_e2,search_nonbaited_location,,100*,0
kanngiesser2010bonobos,3,table_follow_up,2008,5,26,joey,24,25,m,bonobo,2,2,training,learn,e1_e2,search_baited_location,,100*,0
kanngiesser2010bonobos,3,table_follow_up,2008,5,26,joey,24,25,m,bonobo,2,3,training,learn,e1_e2,search_baited_location,,100*,0
kanngiesser2010bonobos,3,table_follow_up,2008,5,26,joey,24,25,m,bonobo,2,4,training,learn,e1_e2,search_baited_location,,100*,0
kanngiesser2010bonobos,3,table_follow_up,2008,5,26,joey,24,25,m,bonobo,2,5,training,learn,e1_e2,search_baited_location,,100*,0
kanngiesser2010bonobos,3,table_follow_up,2008,5,26,joey,24,25,m,bonobo,2,6,training,learn,e1_e2,search_baited_location,5.0,100*,0
kanngiesser2010bonobos,3,table_follow_up,2008,5,26,joey,24,25,m,bonobo,2,1,test,learn,e1_e2,feature,,100*,0
kanngiesser2010bonobos,3,table_follow_up,2008,5,26,joey,24,25,m,bonobo,2,2,test,learn,e1_e2,feature,,100*,0
kanngiesser2010bonobos,3,table_follow_up,2008,5,26,joey,24,25,m,bonobo,2,3,test,learn,e1_e2,feature,,100*,0
kanngiesser2010bonobos,3,table_follow_up,2008,5,26,joey,24,25,m,bonobo,2,4,test,learn,e1_e2,feature,,100*,0
kanngiesser2010bonobos,3,table_follow_up,2008,5,26,joey,24,25,m,bonobo,2,5,test,learn,e1_e2,feature,,100*,0
kanngiesser2010bonobos,3,table_follow_up,2008,5,26,joey,24,25,m,bonobo,2,6,test,learn,e1_e2,feature,,100*,0
kanngiesser2010bonobos,3,table_follow_up,2008,5,26,joey,24,25,m,bonobo,2,7,test,learn,e1_e2,feature,,100*,0
kanngiesser2010bonobos,3,table_follow_up,2008,5,26,joey,24,25,m,bonobo,2,8,test,learn,e1_e2,feature,,100*,0
kanngiesser2010bonobos,3,table_follow_up,2008,5,26,joey,24,25,m,bonobo,2,9,test,learn,e1_e2,feature,,100*,0
kanngiesser2010bonobos,3,table_follow_up,2008,5,26,joey,24,25,m,bonobo,2,10,test,learn,e1_e2,feature,,100*,0
kanngiesser2010bonobos,3,table_follow_up,2008,5,26,joey,24,25,m,bonobo,2,11,test,learn,e1_e2,feature,,100*,0
kanngiesser2010bonobos,3,table_follow_up,2008,5,26,joey,24,25,m,bonobo,2,12,test,learn,e1_e2,feature,,100*,0
kanngiesser2010bonobos,3,table_follow_up,2008,5,22,ulindi,13,14,f,bonobo,1,1,training,learn,e2,search_nonbaited_location,,58*,42*
kanngiesser2010bonobos,3,table_follow_up,2008,5,22,ulindi,13,14,f,bonobo,1,2,training,learn,e2,search_nonbaited_location,,58*,42*
kanngiesser2010bonobos,3,table_follow_up,2008,5,22,ulindi,13,14,f,bonobo,1,3,training,learn,e2,search_baited_location,,58*,42*
kanngiesser2010bonobos,3,table_follow_up,2008,5,22,ulindi,13,14,f,bonobo,1,4,training,learn,e2,search_nonbaited_location,,58*,42*
kanngiesser2010bonobos,3,table_follow_up,2008,5,22,ulindi,13,14,f,bonobo,1,5,training,learn,e2,search_baited_location,,58*,42*
kanngiesser2010bonobos,3,table_follow_up,2008,5,22,ulindi,13,14,f,bonobo,1,6,training,learn,e2,search_baited_location,,58*,42*
kanngiesser2010bonobos,3,table_follow_up,2008,5,22,ulindi,13,14,f,bonobo,1,7,training,learn,e2,search_nonbaited_location,,58*,42*
kanngiesser2010bonobos,3,table_follow_up,2008,5,22,ulindi,13,14,f,bonobo,1,8,training,learn,e2,search_baited_location,,58*,42*
kanngiesser2010bonobos,3,table_follow_up,2008,5,22,ulindi,13,14,f,bonobo,1,9,training,learn,e2,search_baited_location,,58*,42*
kanngiesser2010bonobos,3,table_follow_up,2008,5,22,ulindi,13,14,f,bonobo,1,10,training,learn,e2,search_nonbaited_location,,58*,42*
kanngiesser2010bonobos,3,table_follow_up,2008,5,22,ulindi,13,14,f,bonobo,1,11,training,learn,e2,search_baited_location,,58*,42*
kanngiesser2010bonobos,3,table_follow_up,2008,5,22,ulindi,13,14,f,bonobo,1,12,training,learn,e2,search_baited_location,7.0,58*,42*
kanngiesser2010bonobos,3,table_follow_up,2008,5,26,ulindi,13,14,f,bonobo,2,1,training,learn,e2,search_nonbaited_location,,58*,42*
kanngiesser2010bonobos,3,table_follow_up,2008,5,26,ulindi,13,14,f,bonobo,2,2,training,learn,e2,search_nonbaited_location,,58*,42*
kanngiesser2010bonobos,3,table_follow_up,2008,5,26,ulindi,13,14,f,bonobo,2,3,training,learn,e2,search_nonbaited_location,,58*,42*
kanngiesser2010bonobos,3,table_follow_up,2008,5,26,ulindi,13,14,f,bonobo,2,4,training,learn,e2,search_nonbaited_location,,58*,42*
kanngiesser2010bonobos,3,table_follow_up,2008,5,26,ulindi,13,14,f,bonobo,2,5,training,learn,e2,search_nonbaited_location,,58*,42*
kanngiesser2010bonobos,3,table_follow_up,2008,5,26,ulindi,13,14,f,bonobo,2,6,training,learn,e2,search_baited_location,,58*,42*
kanngiesser2010bonobos,3,table_follow_up,2008,5,26,ulindi,13,14,f,bonobo,2,7,training,learn,e2,search_nonbaited_location,,58*,42*
kanngiesser2010bonobos,3,table_follow_up,2008,5,26,ulindi,13,14,f,bonobo,2,8,training,learn,e2,search_baited_location,,58*,42*
kanngiesser2010bonobos,3,table_follow_up,2008,5,26,ulindi,13,14,f,bonobo,2,9,training,learn,e2,search_nonbaited_location,,58*,42*
kanngiesser2010bonobos,3,table_follow_up,2008,5,26,ulindi,13,14,f,bonobo,2,10,training,learn,e2,search_baited_location,,58*,42*
kanngiesser2010bonobos,3,table_follow_up,2008,5,26,ulindi,13,14,f,bonobo,2,11,training,learn,e2,search_baited_location,,58*,42*
kanngiesser2010bonobos,3,table_follow_up,2008,5,26,ulindi,13,14,f,bonobo,2,12,training,learn,e2,search_baited_location,5.0,58*,42*
kanngiesser2010bonobos,3,table_follow_up,2008,5,28,ulindi,13,14,f,bonobo,3,1,training,learn,e2,search_nonbaited_location,,58*,42*
kanngiesser2010bonobos,3,table_follow_up,2008,5,28,ulindi,13,14,f,bonobo,3,2,training,learn,e2,search_nonbaited_location,,58*,42*
kanngiesser2010bonobos,3,table_follow_up,2008,5,28,ulindi,13,14,f,bonobo,3,3,training,learn,e2,search_baited_location,,58*,42*
kanngiesser2010bonobos,3,table_follow_up,2008,5,28,ulindi,13,14,f,bonobo,3,4,training,learn,e2,search_baited_location,,58*,42*
kanngiesser2010bonobos,3,table_follow_up,2008,5,28,ulindi,13,14,f,bonobo,3,5,training,learn,e2,search_nonbaited_location,,58*,42*
kanngiesser2010bonobos,3,table_follow_up,2008,5,28,ulindi,13,14,f,bonobo,3,6,training,learn,e2,search_baited_location,,58*,42*
kanngiesser2010bonobos,3,table_follow_up,2008,5,28,ulindi,13,14,f,bonobo,3,7,training,learn,e2,search_baited_location,,58*,42*
kanngiesser2010bonobos,3,table_follow_up,2008,5,28,ulindi,13,14,f,bonobo,3,8,training,learn,e2,search_baited_location,,58*,42*
kanngiesser2010bonobos,3,table_follow_up,2008,5,28,ulindi,13,14,f,bonobo,3,9,training,learn,e2,search_baited_location,,58*,42*
kanngiesser2010bonobos,3,table_follow_up,2008,5,28,ulindi,13,14,f,bonobo,3,10,training,learn,e2,search_baited_location,,58*,42*
kanngiesser2010bonobos,3,table_follow_up,2008,5,28,ulindi,13,14,f,bonobo,3,11,training,learn,e2,search_baited_location,,58*,42*
kanngiesser2010bonobos,3,table_follow_up,2008,5,28,ulindi,13,14,f,bonobo,3,12,training,learn,e2,search_baited_location,9.0,58*,42*
kanngiesser2010bonobos,3,table_follow_up,2008,5,22,kuno,10,11,m,bonobo,1,1,training,learn_see,e1_e2,search_nonbaited_location,,100*,0*
kanngiesser2010bonobos,3,table_follow_up,2008,5,22,kuno,10,11,m,bonobo,1,2,training,learn_see,e1_e2,search_nonbaited_location,,100*,0*
kanngiesser2010bonobos,3,table_follow_up,2008,5,22,kuno,10,11,m,bonobo,1,3,training,learn_see,e1_e2,search_baited_location,,100*,0*
kanngiesser2010bonobos,3,table_follow_up,2008,5,22,kuno,10,11,m,bonobo,1,4,training,learn_see,e1_e2,search_baited_location,,100*,0*
kanngiesser2010bonobos,3,table_follow_up,2008,5,22,kuno,10,11,m,bonobo,1,5,training,learn_see,e1_e2,search_baited_location,,100*,0*
kanngiesser2010bonobos,3,table_follow_up,2008,5,22,kuno,10,11,m,bonobo,1,6,training,learn_see,e1_e2,search_baited_location,,100*,0*
kanngiesser2010bonobos,3,table_follow_up,2008,5,22,kuno,10,11,m,bonobo,1,7,training,learn_see,e1_e2,search_nonbaited_location,,100*,0*
kanngiesser2010bonobos,3,table_follow_up,2008,5,22,kuno,10,11,m,bonobo,1,8,training,learn_see,e1_e2,search_baited_location,,100*,0*
kanngiesser2010bonobos,3,table_follow_up,2008,5,22,kuno,10,11,m,bonobo,1,9,training,learn_see,e1_e2,search_baited_location,,100*,0*
kanngiesser2010bonobos,3,table_follow_up,2008,5,22,kuno,10,11,m,bonobo,1,10,training,learn_see,e1_e2,search_baited_location,,100*,0*
kanngiesser2010bonobos,3,table_follow_up,2008,5,22,kuno,10,11,m,bonobo,1,11,training,learn_see,e1_e2,search_baited_location,,100*,0*
kanngiesser2010bonobos,3,table_follow_up,2008,5,22,kuno,10,11,m,bonobo,1,12,training,learn_see,e1_e2,search_baited_location,9.0,100*,0*
kanngiesser2010bonobos,3,table_follow_up,2008,5,26,kuno,10,11,m,bonobo,2,1,training,learn_see,e1_e2,search_baited_location,,100*,0*
kanngiesser2010bonobos,3,table_follow_up,2008,5,26,kuno,10,11,m,bonobo,2,2,training,learn_see,e1_e2,search_baited_location,,100*,0*
kanngiesser2010bonobos,3,table_follow_up,2008,5,26,kuno,10,11,m,bonobo,2,3,training,learn_see,e1_e2,search_baited_location,,100*,0*
kanngiesser2010bonobos,3,table_follow_up,2008,5,26,kuno,10,11,m,bonobo,2,4,training,learn_see,e1_e2,search_baited_location,,100*,0*
kanngiesser2010bonobos,3,table_follow_up,2008,5,26,kuno,10,11,m,bonobo,2,5,training,learn_see,e1_e2,search_baited_location,,100*,0*
kanngiesser2010bonobos,3,table_follow_up,2008,5,26,kuno,10,11,m,bonobo,2,6,training,learn_see,e1_e2,search_baited_location,,100*,0*
kanngiesser2010bonobos,3,table_follow_up,2008,5,26,kuno,10,11,m,bonobo,2,7,training,learn_see,e1_e2,search_baited_location,,100*,0*
kanngiesser2010bonobos,3,table_follow_up,2008,5,26,kuno,10,11,m,bonobo,2,8,training,learn_see,e1_e2,search_baited_location,,100*,0*
kanngiesser2010bonobos,3,table_follow_up,2008,5,26,kuno,10,11,m,bonobo,2,9,training,learn_see,e1_e2,search_baited_location,,100*,0*
kanngiesser2010bonobos,3,table_follow_up,2008,5,26,kuno,10,11,m,bonobo,2,10,training,learn_see,e1_e2,search_baited_location,,100*,0*
kanngiesser2010bonobos,3,table_follow_up,2008,5,26,kuno,10,11,m,bonobo,2,11,training,learn_see,e1_e2,search_baited_location,,100*,0*
kanngiesser2010bonobos,3,table_follow_up,2008,5,26,kuno,10,11,m,bonobo,2,12,training,learn_see,e1_e2,search_baited_location,12.0,100*,0*
kanngiesser2010bonobos,3,table_follow_up,2008,5,28,kuno,10,11,m,bonobo,3,1,training,learn_see,e1_e2,search_baited_location,,100*,0*
kanngiesser2010bonobos,3,table_follow_up,2008,5,28,kuno,10,11,m,bonobo,3,2,training,learn_see,e1_e2,search_baited_location,,100*,0*
kanngiesser2010bonobos,3,table_follow_up,2008,5,28,kuno,10,11,m,bonobo,3,3,training,learn_see,e1_e2,search_baited_location,,100*,0*
kanngiesser2010bonobos,3,table_follow_up,2008,5,28,kuno,10,11,m,bonobo,3,4,training,learn_see,e1_e2,search_baited_location,,100*,0*
kanngiesser2010bonobos,3,table_follow_up,2008,5,28,kuno,10,11,m,bonobo,3,5,training,learn_see,e1_e2,search_baited_location,,100*,0*
kanngiesser2010bonobos,3,table_follow_up,2008,5,28,kuno,10,11,m,bonobo,3,6,training,learn_see,e1_e2,search_baited_location,6.0,100*,0*
kanngiesser2010bonobos,3,table_follow_up,2008,5,28,kuno,10,11,m,bonobo,3,1,test,learn_see,e1_e2,feature,,100*,0*
kanngiesser2010bonobos,3,table_follow_up,2008,5,28,kuno,10,11,m,bonobo,3,2,test,learn_see,e1_e2,feature,,100*,0*
kanngiesser2010bonobos,3,table_follow_up,2008,5,28,kuno,10,11,m,bonobo,3,3,test,learn_see,e1_e2,feature,,100*,0*
kanngiesser2010bonobos,3,table_follow_up,2008,5,28,kuno,10,11,m,bonobo,3,4,test,learn_see,e1_e2,feature,,100*,0*
kanngiesser2010bonobos,3,table_follow_up,2008,5,28,kuno,10,11,m,bonobo,3,5,test,learn_see,e1_e2,feature,,100*,0*
kanngiesser2010bonobos,3,table_follow_up,2008,5,28,kuno,10,11,m,bonobo,3,6,test,learn_see,e1_e2,feature,,100*,0*
kanngiesser2010bonobos,3,table_follow_up,2008,5,28,kuno,10,11,m,bonobo,3,7,test,learn_see,e1_e2,feature,,100*,0*
kanngiesser2010bonobos,3,table_follow_up,2008,5,28,kuno,10,11,m,bonobo,3,8,test,learn_see,e1_e2,feature,,100*,0*
kanngiesser2010bonobos,3,table_follow_up,2008,5,28,kuno,10,11,m,bonobo,3,9,test,learn_see,e1_e2,feature,,100*,0*
kanngiesser2010bonobos,3,table_follow_up,2008,5,28,kuno,10,11,m,bonobo,3,10,test,learn_see,e1_e2,feature,,100*,0*
kanngiesser2010bonobos,3,table_follow_up,2008,5,28,kuno,10,11,m,bonobo,3,11,test,learn_see,e1_e2,feature,,100*,0*
kanngiesser2010bonobos,3,table_follow_up,2008,5,28,kuno,10,11,m,bonobo,3,12,test,learn_see,e1_e2,feature,,100*,0*
kanngiesser2010bonobos,3,table_follow_up,2008,5,22,yasa,9,10,f,bonobo,1,1,training,learn_see,e2_e1,search_nonbaited_location,,92*,8*
kanngiesser2010bonobos,3,table_follow_up,2008,5,22,yasa,9,10,f,bonobo,1,2,training,learn_see,e2_e1,search_nonbaited_location,,92*,8*
kanngiesser2010bonobos,3,table_follow_up,2008,5,22,yasa,9,10,f,bonobo,1,3,training,learn_see,e2_e1,search_nonbaited_location,,92*,8*
kanngiesser2010bonobos,3,table_follow_up,2008,5,22,yasa,9,10,f,bonobo,1,4,training,learn_see,e2_e1,search_baited_location,,92*,8*
kanngiesser2010bonobos,3,table_follow_up,2008,5,22,yasa,9,10,f,bonobo,1,5,training,learn_see,e2_e1,search_baited_location,,92*,8*
kanngiesser2010bonobos,3,table_follow_up,2008,5,22,yasa,9,10,f,bonobo,1,6,training,learn_see,e2_e1,search_baited_location,,92*,8*
kanngiesser2010bonobos,3,table_follow_up,2008,5,22,yasa,9,10,f,bonobo,1,7,training,learn_see,e2_e1,search_baited_location,,92*,8*
kanngiesser2010bonobos,3,table_follow_up,2008,5,22,yasa,9,10,f,bonobo,1,8,training,learn_see,e2_e1,search_baited_location,,92*,8*
kanngiesser2010bonobos,3,table_follow_up,2008,5,22,yasa,9,10,f,bonobo,1,9,training,learn_see,e2_e1,search_baited_location,,92*,8*
kanngiesser2010bonobos,3,table_follow_up,2008,5,22,yasa,9,10,f,bonobo,1,10,training,learn_see,e2_e1,search_baited_location,,92*,8*
kanngiesser2010bonobos,3,table_follow_up,2008,5,22,yasa,9,10,f,bonobo,1,11,training,learn_see,e2_e1,search_baited_location,,92*,8*
kanngiesser2010bonobos,3,table_follow_up,2008,5,22,yasa,9,10,f,bonobo,1,12,training,learn_see,e2_e1,search_baited_location,9.0,92*,8*
kanngiesser2010bonobos,3,table_follow_up,2008,5,26,yasa,9,10,f,bonobo,2,1,training,learn_see,e2_e1,search_baited_location,,92*,8*
kanngiesser2010bonobos,3,table_follow_up,2008,5,26,yasa,9,10,f,bonobo,2,2,training,learn_see,e2_e1,search_baited_location,,92*,8*
kanngiesser2010bonobos,3,table_follow_up,2008,5,26,yasa,9,10,f,bonobo,2,3,training,learn_see,e2_e1,search_baited_location,,92*,8*
kanngiesser2010bonobos,3,table_follow_up,2008,5,26,yasa,9,10,f,bonobo,2,4,training,learn_see,e2_e1,search_baited_location,,92*,8*
kanngiesser2010bonobos,3,table_follow_up,2008,5,26,yasa,9,10,f,bonobo,2,5,training,learn_see,e2_e1,search_baited_location,,92*,8*
kanngiesser2010bonobos,3,table_follow_up,2008,5,26,yasa,9,10,f,bonobo,2,6,training,learn_see,e2_e1,search_baited_location,,92*,8*
kanngiesser2010bonobos,3,table_follow_up,2008,5,26,yasa,9,10,f,bonobo,2,7,training,learn_see,e2_e1,search_baited_location,,92*,8*
kanngiesser2010bonobos,3,table_follow_up,2008,5,26,yasa,9,10,f,bonobo,2,8,training,learn_see,e2_e1,search_baited_location,,92*,8*
kanngiesser2010bonobos,3,table_follow_up,2008,5,26,yasa,9,10,f,bonobo,2,9,training,learn_see,e2_e1,search_nonbaited_location,,92*,8*
kanngiesser2010bonobos,3,table_follow_up,2008,5,26,yasa,9,10,f,bonobo,2,10,training,learn_see,e2_e1,search_baited_location,,92*,8*
kanngiesser2010bonobos,3,table_follow_up,2008,5,26,yasa,9,10,f,bonobo,2,11,training,learn_see,e2_e1,search_baited_location,,92*,8*
kanngiesser2010bonobos,3,table_follow_up,2008,5,26,yasa,9,10,f,bonobo,2,12,training,learn_see,e2_e1,search_baited_location,11.0,92*,8*
kanngiesser2010bonobos,3,table_follow_up,2008,5,28,yasa,9,10,f,bonobo,3,1,training,learn_see,e2_e1,search_baited_location,,92*,8*
kanngiesser2010bonobos,3,table_follow_up,2008,5,28,yasa,9,10,f,bonobo,3,2,training,learn_see,e2_e1,search_baited_location,,92*,8*
kanngiesser2010bonobos,3,table_follow_up,2008,5,28,yasa,9,10,f,bonobo,3,3,training,learn_see,e2_e1,search_baited_location,,92*,8*
kanngiesser2010bonobos,3,table_follow_up,2008,5,28,yasa,9,10,f,bonobo,3,4,training,learn_see,e2_e1,search_baited_location,,92*,8*
kanngiesser2010bonobos,3,table_follow_up,2008,5,28,yasa,9,10,f,bonobo,3,5,training,learn_see,e2_e1,search_baited_location,,92*,8*
kanngiesser2010bonobos,3,table_follow_up,2008,5,28,yasa,9,10,f,bonobo,3,6,training,learn_see,e2_e1,search_baited_location,,92*,8*
kanngiesser2010bonobos,3,table_follow_up,2008,5,28,yasa,9,10,f,bonobo,3,1,test,learn_see,e2_e1,feature,,92*,8*
kanngiesser2010bonobos,3,table_follow_up,2008,5,28,yasa,9,10,f,bonobo,3,2,test,learn_see,e2_e1,feature,,92*,8*
kanngiesser2010bonobos,3,table_follow_up,2008,5,28,yasa,9,10,f,bonobo,3,3,test,learn_see,e2_e1,feature,,92*,8*
kanngiesser2010bonobos,3,table_follow_up,2008,5,28,yasa,9,10,f,bonobo,3,4,test,learn_see,e2_e1,feature,,92*,8*
kanngiesser2010bonobos,3,table_follow_up,2008,5,28,yasa,9,10,f,bonobo,3,5,test,learn_see,e2_e1,place,,92*,8*
kanngiesser2010bonobos,3,table_follow_up,2008,5,28,yasa,9,10,f,bonobo,3,6,test,learn_see,e2_e1,feature,,92*,8*
kanngiesser2010bonobos,3,table_follow_up,2008,5,28,yasa,9,10,f,bonobo,3,7,test,learn_see,e2_e1,feature,,92*,8*
kanngiesser2010bonobos,3,table_follow_up,2008,5,28,yasa,9,10,f,bonobo,3,8,test,learn_see,e2_e1,feature,,92*,8*
kanngiesser2010bonobos,3,table_follow_up,2008,5,28,yasa,9,10,f,bonobo,3,9,test,learn_see,e2_e1,feature,,92*,8*
kanngiesser2010bonobos,3,table_follow_up,2008,5,28,yasa,9,10,f,bonobo,3,10,test,learn_see,e2_e1,feature,,92*,8*
kanngiesser2010bonobos,3,table_follow_up,2008,5,28,yasa,9,10,f,bonobo,3,11,test,learn_see,e2_e1,feature,,92*,8*
kanngiesser2010bonobos,3,table_follow_up,2008,5,28,yasa,9,10,f,bonobo,3,12,test,learn_see,e2_e1,feature,,92*,8*
kanngiesser2010bonobos,3,table_follow_up,2008,6,16,limbuko,11,12,m,bonobo,1,1,test,see,e1_e2,feature,,25*,50*
kanngiesser2010bonobos,3,table_follow_up,2008,6,16,limbuko,11,12,m,bonobo,1,2,test,see,e1_e2,middle,,25*,50*
kanngiesser2010bonobos,3,table_follow_up,2008,6,16,limbuko,11,12,m,bonobo,1,3,test,see,e1_e2,feature,,25*,50*
kanngiesser2010bonobos,3,table_follow_up,2008,6,16,limbuko,11,12,m,bonobo,1,4,test,see,e1_e2,place,,25*,50*
kanngiesser2010bonobos,3,table_follow_up,2008,6,16,limbuko,11,12,m,bonobo,1,5,test,see,e1_e2,place,,25*,50*
kanngiesser2010bonobos,3,table_follow_up,2008,6,16,limbuko,11,12,m,bonobo,1,6,test,see,e1_e2,place,,25*,50*
kanngiesser2010bonobos,3,table_follow_up,2008,6,16,limbuko,11,12,m,bonobo,1,7,test,see,e1_e2,feature,,25*,50*
kanngiesser2010bonobos,3,table_follow_up,2008,6,16,limbuko,11,12,m,bonobo,1,8,test,see,e1_e2,place,,25*,50*
kanngiesser2010bonobos,3,table_follow_up,2008,6,16,limbuko,11,12,m,bonobo,1,9,test,see,e1_e2,middle,,25*,50*
kanngiesser2010bonobos,3,table_follow_up,2008,6,16,limbuko,11,12,m,bonobo,1,10,test,see,e1_e2,place,,25*,50*
kanngiesser2010bonobos,3,table_follow_up,2008,6,16,limbuko,11,12,m,bonobo,1,11,test,see,e1_e2,middle,,25*,50*
kanngiesser2010bonobos,3,table_follow_up,2008,6,16,limbuko,11,12,m,bonobo,1,12,test,see,e1_e2,place,,25*,50*
kanngiesser2010bonobos,3,table_follow_up,2008,5,31,ulindi,13,14,f,bonobo,4,1,training,learn,e2,search_nonbaited_location,,58*,42*
kanngiesser2010bonobos,3,table_follow_up,2008,5,31,ulindi,13,14,f,bonobo,4,2,training,learn,e2,search_baited_location,,58*,42*
kanngiesser2010bonobos,3,table_follow_up,2008,5,31,ulindi,13,14,f,bonobo,4,3,training,learn,e2,search_baited_location,,58*,42*
kanngiesser2010bonobos,3,table_follow_up,2008,5,31,ulindi,13,14,f,bonobo,4,4,training,learn,e2,search_baited_location,,58*,42*
kanngiesser2010bonobos,3,table_follow_up,2008,5,31,ulindi,13,14,f,bonobo,4,5,training,learn,e2,search_baited_location,,58*,42*
kanngiesser2010bonobos,3,table_follow_up,2008,5,31,ulindi,13,14,f,bonobo,4,6,training,learn,e2,search_baited_location,,58*,42*
kanngiesser2010bonobos,3,table_follow_up,2008,5,31,ulindi,13,14,f,bonobo,4,7,training,learn,e2,search_baited_location,,58*,42*
kanngiesser2010bonobos,3,table_follow_up,2008,5,31,ulindi,13,14,f,bonobo,4,8,training,learn,e2,search_baited_location,,58*,42*
kanngiesser2010bonobos,3,table_follow_up,2008,5,31,ulindi,13,14,f,bonobo,4,9,training,learn,e2,search_baited_location,,58*,42*
kanngiesser2010bonobos,3,table_follow_up,2008,5,31,ulindi,13,14,f,bonobo,4,10,training,learn,e2,search_baited_location,,58*,42*
kanngiesser2010bonobos,3,table_follow_up,2008,5,31,ulindi,13,14,f,bonobo,4,11,training,learn,e2,search_baited_location,,58*,42*
kanngiesser2010bonobos,3,table_follow_up,2008,5,31,ulindi,13,14,f,bonobo,4,12,training,learn,e2,search_baited_location,11.0,58*,42*
kanngiesser2010bonobos,3,table_follow_up,2008,6,2,ulindi,13,14,f,bonobo,5,1,training,learn,e2,search_baited_location,,58*,42*
kanngiesser2010bonobos,3,table_follow_up,2008,6,2,ulindi,13,14,f,bonobo,5,2,training,learn,e2,search_baited_location,,58*,42*
kanngiesser2010bonobos,3,table_follow_up,2008,6,2,ulindi,13,14,f,bonobo,5,3,training,learn,e2,search_baited_location,,58*,42*
kanngiesser2010bonobos,3,table_follow_up,2008,6,2,ulindi,13,14,f,bonobo,5,4,training,learn,e2,search_baited_location,,58*,42*
kanngiesser2010bonobos,3,table_follow_up,2008,6,2,ulindi,13,14,f,bonobo,5,5,training,learn,e2,search_baited_location,,58*,42*
kanngiesser2010bonobos,3,table_follow_up,2008,6,2,ulindi,13,14,f,bonobo,5,6,training,learn,e2,search_baited_location,6.0,58*,42*
kanngiesser2010bonobos,3,table_follow_up,2008,6,2,ulindi,13,14,f,bonobo,5,1,test,learn,e2,feature,,58*,42*
kanngiesser2010bonobos,3,table_follow_up,2008,6,2,ulindi,13,14,f,bonobo,5,2,test,learn,e2,feature,,58*,42*
kanngiesser2010bonobos,3,table_follow_up,2008,6,2,ulindi,13,14,f,bonobo,5,3,test,learn,e2,place,,58*,42*
kanngiesser2010bonobos,3,table_follow_up,2008,6,2,ulindi,13,14,f,bonobo,5,4,test,learn,e2,feature,,58*,42*
kanngiesser2010bonobos,3,table_follow_up,2008,6,2,ulindi,13,14,f,bonobo,5,5,test,learn,e2,feature,,58*,42*
kanngiesser2010bonobos,3,table_follow_up,2008,6,2,ulindi,13,14,f,bonobo,5,6,test,learn,e2,place,,58*,42*
kanngiesser2010bonobos,3,table_follow_up,2008,6,2,ulindi,13,14,f,bonobo,5,7,test,learn,e2,feature,,58*,42*
kanngiesser2010bonobos,3,table_follow_up,2008,6,2,ulindi,13,14,f,bonobo,5,8,test,learn,e2,feature,,58*,42*
kanngiesser2010bonobos,3,table_follow_up,2008,6,2,ulindi,13,14,f,bonobo,5,9,test,learn,e2,place,,58*,42*
kanngiesser2010bonobos,3,table_follow_up,2008,6,2,ulindi,13,14,f,bonobo,5,10,test,learn,e2,place,,58*,42*
kanngiesser2010bonobos,3,table_follow_up,2008,6,2,ulindi,13,14,f,bonobo,5,11,test,learn,e2,feature,,58*,42*
kanngiesser2010bonobos,3,table_follow_up,2008,6,2,ulindi,13,14,f,bonobo,5,12,test,learn,e2,place,,58*,42*
kanngiesser2010bonobos,3,table_follow_up,2008,7,3,fifi,15,15,f,chimpanzee,1,1,training,learn,-,search_nonbaited_location,,50*,0*
kanngiesser2010bonobos,3,table_follow_up,2008,7,3,fifi,15,15,f,chimpanzee,1,2,training,learn,-,search_baited_location,,50*,0*
kanngiesser2010bonobos,3,table_follow_up,2008,7,3,fifi,15,15,f,chimpanzee,1,3,training,learn,-,search_nonbaited_location,,50*,0*
kanngiesser2010bonobos,3,table_follow_up,2008,7,3,fifi,15,15,f,chimpanzee,1,4,training,learn,-,search_baited_location,,50*,0*
kanngiesser2010bonobos,3,table_follow_up,2008,7,3,fifi,15,15,f,chimpanzee,1,5,training,learn,-,search_baited_location,,50*,0*
kanngiesser2010bonobos,3,table_follow_up,2008,7,3,fifi,15,15,f,chimpanzee,1,6,training,learn,-,search_baited_location,,50*,0*
kanngiesser2010bonobos,3,table_follow_up,2008,7,3,fifi,15,15,f,chimpanzee,1,7,training,learn,-,search_baited_location,,50*,0*
kanngiesser2010bonobos,3,table_follow_up,2008,7,3,fifi,15,15,f,chimpanzee,1,8,training,learn,-,search_nonbaited_location,,50*,0*
kanngiesser2010bonobos,3,table_follow_up,2008,7,3,fifi,15,15,f,chimpanzee,1,9,training,learn,-,search_baited_location,,50*,0*
kanngiesser2010bonobos,3,table_follow_up,2008,7,3,fifi,15,15,f,chimpanzee,1,10,training,learn,-,search_baited_location,,50*,0*
kanngiesser2010bonobos,3,table_follow_up,2008,7,3,fifi,15,15,f,chimpanzee,1,11,training,learn,-,search_baited_location,,50*,0*
kanngiesser2010bonobos,3,table_follow_up,2008,7,3,fifi,15,15,f,chimpanzee,1,12,training,learn,-,search_baited_location,9.0,50*,0*
kanngiesser2010bonobos,3,table_follow_up,2008,7,5,fifi,15,15,f,chimpanzee,2,1,training,learn,-,search_baited_location,,50*,0*
kanngiesser2010bonobos,3,table_follow_up,2008,7,5,fifi,15,15,f,chimpanzee,2,2,training,learn,-,search_baited_location,,50*,0*
kanngiesser2010bonobos,3,table_follow_up,2008,7,5,fifi,15,15,f,chimpanzee,2,3,training,learn,-,search_baited_location,,50*,0*
kanngiesser2010bonobos,3,table_follow_up,2008,7,5,fifi,15,15,f,chimpanzee,2,4,training,learn,-,search_baited_location,,50*,0*
kanngiesser2010bonobos,3,table_follow_up,2008,7,5,fifi,15,15,f,chimpanzee,2,5,training,learn,-,search_baited_location,,50*,0*
kanngiesser2010bonobos,3,table_follow_up,2008,7,5,fifi,15,15,f,chimpanzee,2,6,training,learn,-,search_baited_location,,50*,0*
kanngiesser2010bonobos,3,table_follow_up,2008,7,5,fifi,15,15,f,chimpanzee,2,7,training,learn,-,search_baited_location,,50*,0*
kanngiesser2010bonobos,3,table_follow_up,2008,7,5,fifi,15,15,f,chimpanzee,2,8,training,learn,-,search_baited_location,,50*,0*
kanngiesser2010bonobos,3,table_follow_up,2008,7,5,fifi,15,15,f,chimpanzee,2,9,training,learn,-,search_baited_location,,50*,0*
kanngiesser2010bonobos,3,table_follow_up,2008,7,5,fifi,15,15,f,chimpanzee,2,10,training,learn,-,search_baited_location,,50*,0*
kanngiesser2010bonobos,3,table_follow_up,2008,7,5,fifi,15,15,f,chimpanzee,2,11,training,learn,-,search_baited_location,,50*,0*
kanngiesser2010bonobos,3,table_follow_up,2008,7,5,fifi,15,15,f,chimpanzee,2,12,training,learn,-,search_baited_location,12.0,50*,0*
kanngiesser2010bonobos,3,table_follow_up,2008,7,10,fifi,15,15,f,chimpanzee,3,1,training,learn,-,search_baited_location,,50*,0*
kanngiesser2010bonobos,3,table_follow_up,2008,7,10,fifi,15,15,f,chimpanzee,3,2,training,learn,-,search_baited_location,,50*,0*
kanngiesser2010bonobos,3,table_follow_up,2008,7,10,fifi,15,15,f,chimpanzee,3,3,training,learn,-,search_baited_location,,50*,0*
kanngiesser2010bonobos,3,table_follow_up,2008,7,10,fifi,15,15,f,chimpanzee,3,4,training,learn,-,search_baited_location,,50*,0*
kanngiesser2010bonobos,3,table_follow_up,2008,7,10,fifi,15,15,f,chimpanzee,3,5,training,learn,-,search_baited_location,,50*,0*
kanngiesser2010bonobos,3,table_follow_up,2008,7,10,fifi,15,15,f,chimpanzee,3,6,training,learn,-,search_baited_location,6.0,50*,0*
kanngiesser2010bonobos,3,table_follow_up,2008,7,10,fifi,15,15,f,chimpanzee,3,1,test,learn,-,middle,,50*,0*
kanngiesser2010bonobos,3,table_follow_up,2008,7,10,fifi,15,15,f,chimpanzee,3,2,test,learn,-,middle,,50*,0*
kanngiesser2010bonobos,3,table_follow_up,2008,7,10,fifi,15,15,f,chimpanzee,3,3,test,learn,-,middle,,50*,0*
kanngiesser2010bonobos,3,table_follow_up,2008,7,10,fifi,15,15,f,chimpanzee,3,4,test,learn,-,middle,,50*,0*
kanngiesser2010bonobos,3,table_follow_up,2008,7,10,fifi,15,15,f,chimpanzee,3,5,test,learn,-,feature,,50*,0*
kanngiesser2010bonobos,3,table_follow_up,2008,7,10,fifi,15,15,f,chimpanzee,3,6,test,learn,-,middle,,50*,0*
kanngiesser2010bonobos,3,table_follow_up,2008,7,10,fifi,15,15,f,chimpanzee,3,7,test,learn,-,middle,,50*,0*
kanngiesser2010bonobos,3,table_follow_up,2008,7,10,fifi,15,15,f,chimpanzee,3,8,test,learn,-,feature,,50*,0*
kanngiesser2010bonobos,3,table_follow_up,2008,7,10,fifi,15,15,f,chimpanzee,3,9,test,learn,-,feature,,50*,0*
kanngiesser2010bonobos,3,table_follow_up,2008,7,10,fifi,15,15,f,chimpanzee,3,10,test,learn,-,feature,,50*,0*
kanngiesser2010bonobos,3,table_follow_up,2008,7,10,fifi,15,15,f,chimpanzee,3,11,test,learn,-,feature,,50*,0*
kanngiesser2010bonobos,3,table_follow_up,2008,7,10,fifi,15,15,f,chimpanzee,3,12,test,learn,-,feature,,50*,0*
kanngiesser2010bonobos,3,table_follow_up,2008,5,20,frodo,13,14,m,chimpanzee,1,1,training,learn,e2,search_nonbaited_location,,100*,0*
kanngiesser2010bonobos,3,table_follow_up,2008,5,20,frodo,13,14,m,chimpanzee,1,2,training,learn,e2,search_nonbaited_location,,100*,0*
kanngiesser2010bonobos,3,table_follow_up,2008,5,20,frodo,13,14,m,chimpanzee,1,3,training,learn,e2,search_nonbaited_location,,100*,0*
kanngiesser2010bonobos,3,table_follow_up,2008,5,20,frodo,13,14,m,chimpanzee,1,4,training,learn,e2,search_nonbaited_location,,100*,0*
kanngiesser2010bonobos,3,table_follow_up,2008,5,20,frodo,13,14,m,chimpanzee,1,5,training,learn,e2,search_nonbaited_location,,100*,0*
kanngiesser2010bonobos,3,table_follow_up,2008,5,20,frodo,13,14,m,chimpanzee,1,6,training,learn,e2,search_nonbaited_location,,100*,0*
kanngiesser2010bonobos,3,table_follow_up,2008,5,20,frodo,13,14,m,chimpanzee,1,7,training,learn,e2,search_nonbaited_location,,100*,0*
kanngiesser2010bonobos,3,table_follow_up,2008,5,20,frodo,13,14,m,chimpanzee,1,8,training,learn,e2,search_nonbaited_location,,100*,0*
kanngiesser2010bonobos,3,table_follow_up,2008,5,20,frodo,13,14,m,chimpanzee,1,9,training,learn,e2,search_nonbaited_location,,100*,0*
kanngiesser2010bonobos,3,table_follow_up,2008,5,20,frodo,13,14,m,chimpanzee,1,10,training,learn,e2,search_baited_location,,100*,0*
kanngiesser2010bonobos,3,table_follow_up,2008,5,20,frodo,13,14,m,chimpanzee,1,11,training,learn,e2,search_baited_location,,100*,0*
kanngiesser2010bonobos,3,table_follow_up,2008,5,20,frodo,13,14,m,chimpanzee,1,12,training,learn,e2,search_baited_location,3.0,100*,0*
kanngiesser2010bonobos,3,table_follow_up,2008,5,25,frodo,13,14,m,chimpanzee,2,1,training,learn,e2,search_nonbaited_location,,100*,0*
kanngiesser2010bonobos,3,table_follow_up,2008,5,25,frodo,13,14,m,chimpanzee,2,2,training,learn,e2,search_baited_location,,100*,0*
kanngiesser2010bonobos,3,table_follow_up,2008,5,25,frodo,13,14,m,chimpanzee,2,3,training,learn,e2,search_baited_location,,100*,0*
kanngiesser2010bonobos,3,table_follow_up,2008,5,25,frodo,13,14,m,chimpanzee,2,4,training,learn,e2,search_baited_location,,100*,0*
kanngiesser2010bonobos,3,table_follow_up,2008,5,25,frodo,13,14,m,chimpanzee,2,5,training,learn,e2,search_baited_location,,100*,0*
kanngiesser2010bonobos,3,table_follow_up,2008,5,25,frodo,13,14,m,chimpanzee,2,6,training,learn,e2,search_baited_location,,100*,0*
kanngiesser2010bonobos,3,table_follow_up,2008,5,25,frodo,13,14,m,chimpanzee,2,7,training,learn,e2,search_baited_location,,100*,0*
kanngiesser2010bonobos,3,table_follow_up,2008,5,25,frodo,13,14,m,chimpanzee,2,8,training,learn,e2,search_baited_location,,100*,0*
kanngiesser2010bonobos,3,table_follow_up,2008,5,25,frodo,13,14,m,chimpanzee,2,9,training,learn,e2,search_baited_location,,100*,0*
kanngiesser2010bonobos,3,table_follow_up,2008,5,25,frodo,13,14,m,chimpanzee,2,10,training,learn,e2,search_baited_location,,100*,0*
kanngiesser2010bonobos,3,table_follow_up,2008,5,25,frodo,13,14,m,chimpanzee,2,11,training,learn,e2,search_baited_location,,100*,0*
kanngiesser2010bonobos,3,table_follow_up,2008,5,25,frodo,13,14,m,chimpanzee,2,12,training,learn,e2,search_baited_location,11.0,100*,0*
kanngiesser2010bonobos,3,table_follow_up,2008,5,26,frodo,13,14,m,chimpanzee,3,1,training,learn,e2,search_baited_location,,100*,0*
kanngiesser2010bonobos,3,table_follow_up,2008,5,26,frodo,13,14,m,chimpanzee,3,2,training,learn,e2,search_nonbaited_location,,100*,0*
kanngiesser2010bonobos,3,table_follow_up,2008,5,26,frodo,13,14,m,chimpanzee,3,3,training,learn,e2,search_baited_location,,100*,0*
kanngiesser2010bonobos,3,table_follow_up,2008,5,26,frodo,13,14,m,chimpanzee,3,4,training,learn,e2,search_baited_location,,100*,0*
kanngiesser2010bonobos,3,table_follow_up,2008,5,26,frodo,13,14,m,chimpanzee,3,5,training,learn,e2,search_baited_location,,100*,0*
kanngiesser2010bonobos,3,table_follow_up,2008,5,26,frodo,13,14,m,chimpanzee,3,6,training,learn,e2,search_baited_location,5.0,100*,0*
kanngiesser2010bonobos,3,table_follow_up,2008,5,26,frodo,13,14,m,chimpanzee,3,1,test,learn,e2,feature,,100*,0*
kanngiesser2010bonobos,3,table_follow_up,2008,5,26,frodo,13,14,m,chimpanzee,3,2,test,learn,e2,feature,,100*,0*
kanngiesser2010bonobos,3,table_follow_up,2008,5,26,frodo,13,14,m,chimpanzee,3,3,test,learn,e2,feature,,100*,0*
kanngiesser2010bonobos,3,table_follow_up,2008,5,26,frodo,13,14,m,chimpanzee,3,4,test,learn,e2,feature,,100*,0*
kanngiesser2010bonobos,3,table_follow_up,2008,5,26,frodo,13,14,m,chimpanzee,3,5,test,learn,e2,feature,,100*,0*
kanngiesser2010bonobos,3,table_follow_up,2008,5,26,frodo,13,14,m,chimpanzee,3,6,test,learn,e2,feature,,100*,0*
kanngiesser2010bonobos,3,table_follow_up,2008,5,26,frodo,13,14,m,chimpanzee,3,7,test,learn,e2,feature,,100*,0*
kanngiesser2010bonobos,3,table_follow_up,2008,5,26,frodo,13,14,m,chimpanzee,3,8,test,learn,e2,feature,,100*,0*
kanngiesser2010bonobos,3,table_follow_up,2008,5,26,frodo,13,14,m,chimpanzee,3,9,test,learn,e2,feature,,100*,0*
kanngiesser2010bonobos,3,table_follow_up,2008,5,26,frodo,13,14,m,chimpanzee,3,10,test,learn,e2,feature,,100*,0*
kanngiesser2010bonobos,3,table_follow_up,2008,5,26,frodo,13,14,m,chimpanzee,3,11,test,learn,e2,feature,,100*,0*
kanngiesser2010bonobos,3,table_follow_up,2008,5,26,frodo,13,14,m,chimpanzee,3,12,test,learn,e2,feature,,100*,0*
kanngiesser2010bonobos,3,table_follow_up,2008,6,30,lome,6,6,m,chimpanzee,1,1,training,learn,e1_e2,search_nonbaited_location,,8*,50*
kanngiesser2010bonobos,3,table_follow_up,2008,6,30,lome,6,6,m,chimpanzee,1,2,training,learn,e1_e2,search_nonbaited_location,,8*,50*
kanngiesser2010bonobos,3,table_follow_up,2008,6,30,lome,6,6,m,chimpanzee,1,3,training,learn,e1_e2,search_nonbaited_location,,8*,50*
kanngiesser2010bonobos,3,table_follow_up,2008,6,30,lome,6,6,m,chimpanzee,1,4,training,learn,e1_e2,search_baited_location,,8*,50*
kanngiesser2010bonobos,3,table_follow_up,2008,6,30,lome,6,6,m,chimpanzee,1,5,training,learn,e1_e2,search_nonbaited_location,,8*,50*
kanngiesser2010bonobos,3,table_follow_up,2008,6,30,lome,6,6,m,chimpanzee,1,6,training,learn,e1_e2,search_baited_location,,8*,50*
kanngiesser2010bonobos,3,table_follow_up,2008,6,30,lome,6,6,m,chimpanzee,1,7,training,learn,e1_e2,search_baited_location,,8*,50*
kanngiesser2010bonobos,3,table_follow_up,2008,6,30,lome,6,6,m,chimpanzee,1,8,training,learn,e1_e2,search_baited_location,,8*,50*
kanngiesser2010bonobos,3,table_follow_up,2008,6,30,lome,6,6,m,chimpanzee,1,9,training,learn,e1_e2,search_baited_location,,8*,50*
kanngiesser2010bonobos,3,table_follow_up,2008,6,30,lome,6,6,m,chimpanzee,1,10,training,learn,e1_e2,search_baited_location,,8*,50*
kanngiesser2010bonobos,3,table_follow_up,2008,6,30,lome,6,6,m,chimpanzee,1,11,training,learn,e1_e2,search_nonbaited_location,,8*,50*
kanngiesser2010bonobos,3,table_follow_up,2008,6,30,lome,6,6,m,chimpanzee,1,12,training,learn,e1_e2,search_baited_location,7.0,8*,50*
kanngiesser2010bonobos,3,table_follow_up,2008,7,2,lome,6,6,m,chimpanzee,2,1,training,learn,e1_e2,search_baited_location,,8*,50*
kanngiesser2010bonobos,3,table_follow_up,2008,7,2,lome,6,6,m,chimpanzee,2,2,training,learn,e1_e2,search_baited_location,,8*,50*
kanngiesser2010bonobos,3,table_follow_up,2008,7,2,lome,6,6,m,chimpanzee,2,3,training,learn,e1_e2,search_nonbaited_location,,8*,50*
kanngiesser2010bonobos,3,table_follow_up,2008,7,2,lome,6,6,m,chimpanzee,2,4,training,learn,e1_e2,search_baited_location,,8*,50*
kanngiesser2010bonobos,3,table_follow_up,2008,7,2,lome,6,6,m,chimpanzee,2,5,training,learn,e1_e2,search_baited_location,,8*,50*
kanngiesser2010bonobos,3,table_follow_up,2008,7,2,lome,6,6,m,chimpanzee,2,6,training,learn,e1_e2,search_baited_location,,8*,50*
kanngiesser2010bonobos,3,table_follow_up,2008,7,2,lome,6,6,m,chimpanzee,2,7,training,learn,e1_e2,search_baited_location,,8*,50*
kanngiesser2010bonobos,3,table_follow_up,2008,7,2,lome,6,6,m,chimpanzee,2,8,training,learn,e1_e2,search_baited_location,,8*,50*
kanngiesser2010bonobos,3,table_follow_up,2008,7,2,lome,6,6,m,chimpanzee,2,9,training,learn,e1_e2,search_baited_location,,8*,50*
kanngiesser2010bonobos,3,table_follow_up,2008,7,2,lome,6,6,m,chimpanzee,2,10,training,learn,e1_e2,search_baited_location,,8*,50*
kanngiesser2010bonobos,3,table_follow_up,2008,7,2,lome,6,6,m,chimpanzee,2,11,training,learn,e1_e2,search_baited_location,,8*,50*
kanngiesser2010bonobos,3,table_follow_up,2008,7,2,lome,6,6,m,chimpanzee,2,12,training,learn,e1_e2,search_baited_location,11.0,8*,50*
kanngiesser2010bonobos,3,table_follow_up,2008,7,3,lome,6,6,m,chimpanzee,3,1,training,learn,e1_e2,search_baited_location,,8*,50*
kanngiesser2010bonobos,3,table_follow_up,2008,7,3,lome,6,6,m,chimpanzee,3,2,training,learn,e1_e2,search_baited_location,,8*,50*
kanngiesser2010bonobos,3,table_follow_up,2008,7,3,lome,6,6,m,chimpanzee,3,3,training,learn,e1_e2,search_baited_location,,8*,50*
kanngiesser2010bonobos,3,table_follow_up,2008,7,3,lome,6,6,m,chimpanzee,3,4,training,learn,e1_e2,search_baited_location,,8*,50*
kanngiesser2010bonobos,3,table_follow_up,2008,7,3,lome,6,6,m,chimpanzee,3,5,training,learn,e1_e2,search_baited_location,,8*,50*
kanngiesser2010bonobos,3,table_follow_up,2008,7,3,lome,6,6,m,chimpanzee,3,6,training,learn,e1_e2,search_baited_location,6.0,8*,50*
kanngiesser2010bonobos,3,table_follow_up,2008,7,3,lome,6,6,m,chimpanzee,3,1,test,learn,e1_e2,feature,,8*,50*
kanngiesser2010bonobos,3,table_follow_up,2008,7,3,lome,6,6,m,chimpanzee,3,2,test,learn,e1_e2,place,,8*,50*
kanngiesser2010bonobos,3,table_follow_up,2008,7,3,lome,6,6,m,chimpanzee,3,3,test,learn,e1_e2,middle,,8*,50*
kanngiesser2010bonobos,3,table_follow_up,2008,7,3,lome,6,6,m,chimpanzee,3,4,test,learn,e1_e2,place,,8*,50*
kanngiesser2010bonobos,3,table_follow_up,2008,7,3,lome,6,6,m,chimpanzee,3,5,test,learn,e1_e2,middle,,8*,50*
kanngiesser2010bonobos,3,table_follow_up,2008,7,3,lome,6,6,m,chimpanzee,3,6,test,learn,e1_e2,middle,,8*,50*
kanngiesser2010bonobos,3,table_follow_up,2008,7,3,lome,6,6,m,chimpanzee,3,7,test,learn,e1_e2,middle,,8*,50*
kanngiesser2010bonobos,3,table_follow_up,2008,7,3,lome,6,6,m,chimpanzee,3,8,test,learn,e1_e2,place,,8*,50*
kanngiesser2010bonobos,3,table_follow_up,2008,7,3,lome,6,6,m,chimpanzee,3,9,test,learn,e1_e2,place,,8*,50*
kanngiesser2010bonobos,3,table_follow_up,2008,7,3,lome,6,6,m,chimpanzee,3,10,test,learn,e1_e2,place,,8*,50*
kanngiesser2010bonobos,3,table_follow_up,2008,7,3,lome,6,6,m,chimpanzee,3,11,test,learn,e1_e2,place,,8*,50*
kanngiesser2010bonobos,3,table_follow_up,2008,7,3,lome,6,6,m,chimpanzee,3,12,test,learn,e1_e2,middle,,8*,50*
kanngiesser2010bonobos,3,table_follow_up,2008,7,2,riet,30,30,f,chimpanzee,1,1,training,learn,-,search_nonbaited_location,,0*,100*
kanngiesser2010bonobos,3,table_follow_up,2008,7,2,riet,30,30,f,chimpanzee,1,2,training,learn,-,search_baited_location,,0*,100*
kanngiesser2010bonobos,3,table_follow_up,2008,7,2,riet,30,30,f,chimpanzee,1,3,training,learn,-,search_baited_location,,0*,100*
kanngiesser2010bonobos,3,table_follow_up,2008,7,2,riet,30,30,f,chimpanzee,1,4,training,learn,-,search_baited_location,,0*,100*
kanngiesser2010bonobos,3,table_follow_up,2008,7,2,riet,30,30,f,chimpanzee,1,5,training,learn,-,search_nonbaited_location,,0*,100*
kanngiesser2010bonobos,3,table_follow_up,2008,7,2,riet,30,30,f,chimpanzee,1,6,training,learn,-,search_nonbaited_location,,0*,100*
kanngiesser2010bonobos,3,table_follow_up,2008,7,2,riet,30,30,f,chimpanzee,1,7,training,learn,-,search_baited_location,,0*,100*
kanngiesser2010bonobos,3,table_follow_up,2008,7,2,riet,30,30,f,chimpanzee,1,8,training,learn,-,search_baited_location,,0*,100*
kanngiesser2010bonobos,3,table_follow_up,2008,7,2,riet,30,30,f,chimpanzee,1,9,training,learn,-,search_baited_location,,0*,100*
kanngiesser2010bonobos,3,table_follow_up,2008,7,2,riet,30,30,f,chimpanzee,1,10,training,learn,-,search_baited_location,,0*,100*
kanngiesser2010bonobos,3,table_follow_up,2008,7,2,riet,30,30,f,chimpanzee,1,11,training,learn,-,search_nonbaited_location,,0*,100*
kanngiesser2010bonobos,3,table_follow_up,2008,7,2,riet,30,30,f,chimpanzee,1,12,training,learn,-,search_baited_location,8.0,0*,100*
kanngiesser2010bonobos,3,table_follow_up,2008,7,3,riet,30,30,f,chimpanzee,2,1,training,learn,-,search_baited_location,,0*,100*
kanngiesser2010bonobos,3,table_follow_up,2008,7,3,riet,30,30,f,chimpanzee,2,2,training,learn,-,search_baited_location,,0*,100*
kanngiesser2010bonobos,3,table_follow_up,2008,7,3,riet,30,30,f,chimpanzee,2,3,training,learn,-,search_baited_location,,0*,100*
kanngiesser2010bonobos,3,table_follow_up,2008,7,3,riet,30,30,f,chimpanzee,2,4,training,learn,-,search_baited_location,,0*,100*
kanngiesser2010bonobos,3,table_follow_up,2008,7,3,riet,30,30,f,chimpanzee,2,5,training,learn,-,search_baited_location,,0*,100*
kanngiesser2010bonobos,3,table_follow_up,2008,7,3,riet,30,30,f,chimpanzee,2,6,training,learn,-,search_baited_location,,0*,100*
kanngiesser2010bonobos,3,table_follow_up,2008,7,3,riet,30,30,f,chimpanzee,2,7,training,learn,-,search_baited_location,,0*,100*
kanngiesser2010bonobos,3,table_follow_up,2008,7,3,riet,30,30,f,chimpanzee,2,8,training,learn,-,search_baited_location,,0*,100*
kanngiesser2010bonobos,3,table_follow_up,2008,7,3,riet,30,30,f,chimpanzee,2,9,training,learn,-,search_baited_location,,0*,100*
kanngiesser2010bonobos,3,table_follow_up,2008,7,3,riet,30,30,f,chimpanzee,2,10,training,learn,-,search_baited_location,,0*,100*
kanngiesser2010bonobos,3,table_follow_up,2008,7,3,riet,30,30,f,chimpanzee,2,11,training,learn,-,search_baited_location,,0*,100*
kanngiesser2010bonobos,3,table_follow_up,2008,7,3,riet,30,30,f,chimpanzee,2,12,training,learn,-,search_baited_location,12.0,0*,100*
kanngiesser2010bonobos,3,table_follow_up,2008,7,5,riet,30,30,f,chimpanzee,3,1,training,learn,-,search_baited_location,,0*,100*
kanngiesser2010bonobos,3,table_follow_up,2008,7,5,riet,30,30,f,chimpanzee,3,2,training,learn,-,search_baited_location,,0*,100*
kanngiesser2010bonobos,3,table_follow_up,2008,7,5,riet,30,30,f,chimpanzee,3,3,training,learn,-,search_baited_location,,0*,100*
kanngiesser2010bonobos,3,table_follow_up,2008,7,5,riet,30,30,f,chimpanzee,3,4,training,learn,-,search_baited_location,,0*,100*
kanngiesser2010bonobos,3,table_follow_up,2008,7,5,riet,30,30,f,chimpanzee,3,5,training,learn,-,search_baited_location,,0*,100*
kanngiesser2010bonobos,3,table_follow_up,2008,7,5,riet,30,30,f,chimpanzee,3,6,training,learn,-,search_baited_location,6.0,0*,100*
kanngiesser2010bonobos,3,table_follow_up,2008,7,5,riet,30,30,f,chimpanzee,3,1,test,learn,-,place,,0*,100*
kanngiesser2010bonobos,3,table_follow_up,2008,7,5,riet,30,30,f,chimpanzee,3,2,test,learn,-,place,,0*,100*
kanngiesser2010bonobos,3,table_follow_up,2008,7,5,riet,30,30,f,chimpanzee,3,3,test,learn,-,place,,0*,100*
kanngiesser2010bonobos,3,table_follow_up,2008,7,5,riet,30,30,f,chimpanzee,3,4,test,learn,-,place,,0*,100*
kanngiesser2010bonobos,3,table_follow_up,2008,7,5,riet,30,30,f,chimpanzee,3,5,test,learn,-,place,,0*,100*
kanngiesser2010bonobos,3,table_follow_up,2008,7,5,riet,30,30,f,chimpanzee,3,6,test,learn,-,place,,0*,100*
kanngiesser2010bonobos,3,table_follow_up,2008,7,5,riet,30,30,f,chimpanzee,3,7,test,learn,-,place,,0*,100*
kanngiesser2010bonobos,3,table_follow_up,2008,7,5,riet,30,30,f,chimpanzee,3,8,test,learn,-,place,,0*,100*
kanngiesser2010bonobos,3,table_follow_up,2008,7,5,riet,30,30,f,chimpanzee,3,9,test,learn,-,place,,0*,100*
kanngiesser2010bonobos,3,table_follow_up,2008,7,5,riet,30,30,f,chimpanzee,3,10,test,learn,-,place,,0*,100*
kanngiesser2010bonobos,3,table_follow_up,2008,7,5,riet,30,30,f,chimpanzee,3,11,test,learn,-,place,,0*,100*
kanngiesser2010bonobos,3,table_follow_up,2008,7,5,riet,30,30,f,chimpanzee,3,12,test,learn,-,place,,0*,100*
kanngiesser2010bonobos,3,table_follow_up,2008,5,20,sandra,14,14,f,chimpanzee,1,1,training,learn,e1_e2,search_nonbaited_location,,17*,83*
kanngiesser2010bonobos,3,table_follow_up,2008,5,20,sandra,14,14,f,chimpanzee,1,2,training,learn,e1_e2,search_baited_location,,17*,83*
kanngiesser2010bonobos,3,table_follow_up,2008,5,20,sandra,14,14,f,chimpanzee,1,3,training,learn,e1_e2,search_baited_location,,17*,83*
kanngiesser2010bonobos,3,table_follow_up,2008,5,20,sandra,14,14,f,chimpanzee,1,4,training,learn,e1_e2,search_baited_location,,17*,83*
kanngiesser2010bonobos,3,table_follow_up,2008,5,20,sandra,14,14,f,chimpanzee,1,5,training,learn,e1_e2,search_baited_location,,17*,83*
kanngiesser2010bonobos,3,table_follow_up,2008,5,20,sandra,14,14,f,chimpanzee,1,6,training,learn,e1_e2,search_baited_location,,17*,83*
kanngiesser2010bonobos,3,table_follow_up,2008,5,20,sandra,14,14,f,chimpanzee,1,7,training,learn,e1_e2,search_nonbaited_location,,17*,83*
kanngiesser2010bonobos,3,table_follow_up,2008,5,20,sandra,14,14,f,chimpanzee,1,8,training,learn,e1_e2,search_baited_location,,17*,83*
kanngiesser2010bonobos,3,table_follow_up,2008,5,20,sandra,14,14,f,chimpanzee,1,9,training,learn,e1_e2,search_baited_location,,17*,83*
kanngiesser2010bonobos,3,table_follow_up,2008,5,20,sandra,14,14,f,chimpanzee,1,10,training,learn,e1_e2,search_baited_location,,17*,83*
kanngiesser2010bonobos,3,table_follow_up,2008,5,20,sandra,14,14,f,chimpanzee,1,11,training,learn,e1_e2,search_baited_location,,17*,83*
kanngiesser2010bonobos,3,table_follow_up,2008,5,20,sandra,14,14,f,chimpanzee,1,12,training,learn,e1_e2,search_baited_location,10.0,17*,83*
kanngiesser2010bonobos,3,table_follow_up,2008,5,25,sandra,14,14,f,chimpanzee,2,1,training,learn,e1_e2,search_nonbaited_location,,17*,83*
kanngiesser2010bonobos,3,table_follow_up,2008,5,25,sandra,14,14,f,chimpanzee,2,2,training,learn,e1_e2,search_nonbaited_location,,17*,83*
kanngiesser2010bonobos,3,table_follow_up,2008,5,25,sandra,14,14,f,chimpanzee,2,3,training,learn,e1_e2,search_baited_location,,17*,83*
kanngiesser2010bonobos,3,table_follow_up,2008,5,25,sandra,14,14,f,chimpanzee,2,4,training,learn,e1_e2,search_baited_location,,17*,83*
kanngiesser2010bonobos,3,table_follow_up,2008,5,25,sandra,14,14,f,chimpanzee,2,5,training,learn,e1_e2,search_baited_location,,17*,83*
kanngiesser2010bonobos,3,table_follow_up,2008,5,25,sandra,14,14,f,chimpanzee,2,6,training,learn,e1_e2,search_baited_location,,17*,83*
kanngiesser2010bonobos,3,table_follow_up,2008,5,25,sandra,14,14,f,chimpanzee,2,7,training,learn,e1_e2,search_baited_location,,17*,83*
kanngiesser2010bonobos,3,table_follow_up,2008,5,25,sandra,14,14,f,chimpanzee,2,8,training,learn,e1_e2,search_baited_location,,17*,83*
kanngiesser2010bonobos,3,table_follow_up,2008,5,25,sandra,14,14,f,chimpanzee,2,9,training,learn,e1_e2,search_baited_location,,17*,83*
kanngiesser2010bonobos,3,table_follow_up,2008,5,25,sandra,14,14,f,chimpanzee,2,10,training,learn,e1_e2,search_baited_location,,17*,83*
kanngiesser2010bonobos,3,table_follow_up,2008,5,25,sandra,14,14,f,chimpanzee,2,11,training,learn,e1_e2,search_baited_location,,17*,83*
kanngiesser2010bonobos,3,table_follow_up,2008,5,25,sandra,14,14,f,chimpanzee,2,12,training,learn,e1_e2,search_baited_location,10.0,17*,83*
kanngiesser2010bonobos,3,table_follow_up,2008,5,27,sandra,14,14,f,chimpanzee,3,1,training,learn,e1_e2,search_nonbaited_location,,17*,83*
kanngiesser2010bonobos,3,table_follow_up,2008,5,27,sandra,14,14,f,chimpanzee,3,2,training,learn,e1_e2,search_baited_location,,17*,83*
kanngiesser2010bonobos,3,table_follow_up,2008,5,27,sandra,14,14,f,chimpanzee,3,3,training,learn,e1_e2,search_nonbaited_location,,17*,83*
kanngiesser2010bonobos,3,table_follow_up,2008,5,27,sandra,14,14,f,chimpanzee,3,4,training,learn,e1_e2,search_baited_location,,17*,83*
kanngiesser2010bonobos,3,table_follow_up,2008,5,27,sandra,14,14,f,chimpanzee,3,5,training,learn,e1_e2,search_baited_location,,17*,83*
kanngiesser2010bonobos,3,table_follow_up,2008,5,27,sandra,14,14,f,chimpanzee,3,6,training,learn,e1_e2,search_baited_location,,17*,83*
kanngiesser2010bonobos,3,table_follow_up,2008,5,27,sandra,14,14,f,chimpanzee,3,7,training,learn,e1_e2,search_baited_location,,17*,83*
kanngiesser2010bonobos,3,table_follow_up,2008,5,27,sandra,14,14,f,chimpanzee,3,8,training,learn,e1_e2,search_baited_location,,17*,83*
kanngiesser2010bonobos,3,table_follow_up,2008,5,27,sandra,14,14,f,chimpanzee,3,9,training,learn,e1_e2,search_baited_location,,17*,83*
kanngiesser2010bonobos,3,table_follow_up,2008,5,27,sandra,14,14,f,chimpanzee,3,10,training,learn,e1_e2,search_baited_location,,17*,83*
kanngiesser2010bonobos,3,table_follow_up,2008,5,27,sandra,14,14,f,chimpanzee,3,11,training,learn,e1_e2,search_baited_location,,17*,83*
kanngiesser2010bonobos,3,table_follow_up,2008,5,27,sandra,14,14,f,chimpanzee,3,12,training,learn,e1_e2,search_baited_location,10.0,17*,83*
kanngiesser2010bonobos,3,table_follow_up,2008,5,30,sandra,14,14,f,chimpanzee,4,1,training,learn,e1_e2,search_baited_location,,17*,83*
kanngiesser2010bonobos,3,table_follow_up,2008,5,30,sandra,14,14,f,chimpanzee,4,2,training,learn,e1_e2,search_baited_location,,17*,83*
kanngiesser2010bonobos,3,table_follow_up,2008,5,30,sandra,14,14,f,chimpanzee,4,3,training,learn,e1_e2,search_baited_location,,17*,83*
kanngiesser2010bonobos,3,table_follow_up,2008,5,30,sandra,14,14,f,chimpanzee,4,4,training,learn,e1_e2,search_baited_location,,17*,83*
kanngiesser2010bonobos,3,table_follow_up,2008,5,30,sandra,14,14,f,chimpanzee,4,5,training,learn,e1_e2,search_baited_location,,17*,83*
kanngiesser2010bonobos,3,table_follow_up,2008,5,30,sandra,14,14,f,chimpanzee,4,6,training,learn,e1_e2,search_baited_location,6.0,17*,83*
kanngiesser2010bonobos,3,table_follow_up,2008,5,30,sandra,14,14,f,chimpanzee,4,1,test,learn,e1_e2,place,,17*,83*
kanngiesser2010bonobos,3,table_follow_up,2008,5,30,sandra,14,14,f,chimpanzee,4,2,test,learn,e1_e2,feature,,17*,83*
kanngiesser2010bonobos,3,table_follow_up,2008,5,30,sandra,14,14,f,chimpanzee,4,3,test,learn,e1_e2,place,,17*,83*
kanngiesser2010bonobos,3,table_follow_up,2008,5,30,sandra,14,14,f,chimpanzee,4,4,test,learn,e1_e2,place,,17*,83*
kanngiesser2010bonobos,3,table_follow_up,2008,5,30,sandra,14,14,f,chimpanzee,4,5,test,learn,e1_e2,place,,17*,83*
kanngiesser2010bonobos,3,table_follow_up,2008,5,30,sandra,14,14,f,chimpanzee,4,6,test,learn,e1_e2,place,,17*,83*
kanngiesser2010bonobos,3,table_follow_up,2008,5,30,sandra,14,14,f,chimpanzee,4,7,test,learn,e1_e2,place,,17*,83*
kanngiesser2010bonobos,3,table_follow_up,2008,5,30,sandra,14,14,f,chimpanzee,4,8,test,learn,e1_e2,place,,17*,83*
kanngiesser2010bonobos,3,table_follow_up,2008,5,30,sandra,14,14,f,chimpanzee,4,9,test,learn,e1_e2,place,,17*,83*
kanngiesser2010bonobos,3,table_follow_up,2008,5,30,sandra,14,14,f,chimpanzee,4,10,test,learn,e1_e2,feature,,17*,83*
kanngiesser2010bonobos,3,table_follow_up,2008,5,30,sandra,14,14,f,chimpanzee,4,11,test,learn,e1_e2,place,,17*,83*
kanngiesser2010bonobos,3,table_follow_up,2008,5,30,sandra,14,14,f,chimpanzee,4,12,test,learn,e1_e2,place,,17*,83*
kanngiesser2010bonobos,3,table_follow_up,2008,6,30,tai,5,5,f,chimpanzee,1,1,training,learn,-,search_baited_location,,0*,100*
kanngiesser2010bonobos,3,table_follow_up,2008,6,30,tai,5,5,f,chimpanzee,1,2,training,learn,-,search_baited_location,,0*,100*
kanngiesser2010bonobos,3,table_follow_up,2008,6,30,tai,5,5,f,chimpanzee,1,3,training,learn,-,search_baited_location,,0*,100*
kanngiesser2010bonobos,3,table_follow_up,2008,6,30,tai,5,5,f,chimpanzee,1,4,training,learn,-,search_baited_location,,0*,100*
kanngiesser2010bonobos,3,table_follow_up,2008,6,30,tai,5,5,f,chimpanzee,1,5,training,learn,-,search_baited_location,,0*,100*
kanngiesser2010bonobos,3,table_follow_up,2008,6,30,tai,5,5,f,chimpanzee,1,6,training,learn,-,search_baited_location,,0*,100*
kanngiesser2010bonobos,3,table_follow_up,2008,6,30,tai,5,5,f,chimpanzee,1,7,training,learn,-,search_baited_location,,0*,100*
kanngiesser2010bonobos,3,table_follow_up,2008,6,30,tai,5,5,f,chimpanzee,1,8,training,learn,-,search_baited_location,,0*,100*
kanngiesser2010bonobos,3,table_follow_up,2008,6,30,tai,5,5,f,chimpanzee,1,9,training,learn,-,search_baited_location,,0*,100*
kanngiesser2010bonobos,3,table_follow_up,2008,6,30,tai,5,5,f,chimpanzee,1,10,training,learn,-,search_baited_location,,0*,100*
kanngiesser2010bonobos,3,table_follow_up,2008,6,30,tai,5,5,f,chimpanzee,1,11,training,learn,-,search_baited_location,,0*,100*
kanngiesser2010bonobos,3,table_follow_up,2008,6,30,tai,5,5,f,chimpanzee,1,12,training,learn,-,search_baited_location,12.0,0*,100*
kanngiesser2010bonobos,3,table_follow_up,2008,7,2,tai,5,5,f,chimpanzee,2,1,training,learn,-,search_baited_location,,0*,100*
kanngiesser2010bonobos,3,table_follow_up,2008,7,2,tai,5,5,f,chimpanzee,2,2,training,learn,-,search_baited_location,,0*,100*
kanngiesser2010bonobos,3,table_follow_up,2008,7,2,tai,5,5,f,chimpanzee,2,3,training,learn,-,search_baited_location,,0*,100*
kanngiesser2010bonobos,3,table_follow_up,2008,7,2,tai,5,5,f,chimpanzee,2,4,training,learn,-,search_baited_location,,0*,100*
kanngiesser2010bonobos,3,table_follow_up,2008,7,2,tai,5,5,f,chimpanzee,2,5,training,learn,-,search_baited_location,,0*,100*
kanngiesser2010bonobos,3,table_follow_up,2008,7,2,tai,5,5,f,chimpanzee,2,6,training,learn,-,search_baited_location,6.0,0*,100*
kanngiesser2010bonobos,3,table_follow_up,2008,7,2,tai,5,5,f,chimpanzee,2,1,test,learn,-,place,,0*,100*
kanngiesser2010bonobos,3,table_follow_up,2008,7,2,tai,5,5,f,chimpanzee,2,2,test,learn,-,place,,0*,100*
kanngiesser2010bonobos,3,table_follow_up,2008,7,2,tai,5,5,f,chimpanzee,2,3,test,learn,-,place,,0*,100*
kanngiesser2010bonobos,3,table_follow_up,2008,7,2,tai,5,5,f,chimpanzee,2,4,test,learn,-,place,,0*,100*
kanngiesser2010bonobos,3,table_follow_up,2008,7,2,tai,5,5,f,chimpanzee,2,5,test,learn,-,place,,0*,100*
kanngiesser2010bonobos,3,table_follow_up,2008,7,2,tai,5,5,f,chimpanzee,2,6,test,learn,-,place,,0*,100*
kanngiesser2010bonobos,3,table_follow_up,2008,7,2,tai,5,5,f,chimpanzee,2,7,test,learn,-,place,,0*,100*
kanngiesser2010bonobos,3,table_follow_up,2008,7,2,tai,5,5,f,chimpanzee,2,8,test,learn,-,place,,0*,100*
kanngiesser2010bonobos,3,table_follow_up,2008,7,2,tai,5,5,f,chimpanzee,2,9,test,learn,-,place,,0*,100*
kanngiesser2010bonobos,3,table_follow_up,2008,7,2,tai,5,5,f,chimpanzee,2,10,test,learn,-,place,,0*,100*
kanngiesser2010bonobos,3,table_follow_up,2008,7,2,tai,5,5,f,chimpanzee,2,11,test,learn,-,place,,0*,100*
kanngiesser2010bonobos,3,table_follow_up,2008,7,2,tai,5,5,f,chimpanzee,2,12,test,learn,-,place,,0*,100*
kanngiesser2010bonobos,3,table_follow_up,2008,5,20,corry,30,31,f,chimpanzee,1,1,training,learn_see,e2,search_baited_location,,0*,100*
kanngiesser2010bonobos,3,table_follow_up,2008,5,20,corry,30,31,f,chimpanzee,1,2,training,learn_see,e2,search_baited_location,,0*,100*
kanngiesser2010bonobos,3,table_follow_up,2008,5,20,corry,30,31,f,chimpanzee,1,3,training,learn_see,e2,search_baited_location,,0*,100*
kanngiesser2010bonobos,3,table_follow_up,2008,5,20,corry,30,31,f,chimpanzee,1,4,training,learn_see,e2,search_baited_location,,0*,100*
kanngiesser2010bonobos,3,table_follow_up,2008,5,20,corry,30,31,f,chimpanzee,1,5,training,learn_see,e2,search_baited_location,,0*,100*
kanngiesser2010bonobos,3,table_follow_up,2008,5,20,corry,30,31,f,chimpanzee,1,6,training,learn_see,e2,search_baited_location,,0*,100*
kanngiesser2010bonobos,3,table_follow_up,2008,5,20,corry,30,31,f,chimpanzee,1,7,training,learn_see,e2,search_baited_location,,0*,100*
kanngiesser2010bonobos,3,table_follow_up,2008,5,20,corry,30,31,f,chimpanzee,1,8,training,learn_see,e2,search_baited_location,,0*,100*
kanngiesser2010bonobos,3,table_follow_up,2008,5,20,corry,30,31,f,chimpanzee,1,9,training,learn_see,e2,search_baited_location,,0*,100*
kanngiesser2010bonobos,3,table_follow_up,2008,5,20,corry,30,31,f,chimpanzee,1,10,training,learn_see,e2,search_baited_location,,0*,100*
kanngiesser2010bonobos,3,table_follow_up,2008,5,20,corry,30,31,f,chimpanzee,1,11,training,learn_see,e2,search_baited_location,,0*,100*
kanngiesser2010bonobos,3,table_follow_up,2008,5,20,corry,30,31,f,chimpanzee,1,12,training,learn_see,e2,search_baited_location,12.0,0*,100*
kanngiesser2010bonobos,3,table_follow_up,2008,5,25,corry,30,31,f,chimpanzee,2,1,training,learn_see,e2,search_baited_location,,0*,100*
kanngiesser2010bonobos,3,table_follow_up,2008,5,25,corry,30,31,f,chimpanzee,2,2,training,learn_see,e2,search_baited_location,,0*,100*
kanngiesser2010bonobos,3,table_follow_up,2008,5,25,corry,30,31,f,chimpanzee,2,3,training,learn_see,e2,search_baited_location,,0*,100*
kanngiesser2010bonobos,3,table_follow_up,2008,5,25,corry,30,31,f,chimpanzee,2,4,training,learn_see,e2,search_baited_location,,0*,100*
kanngiesser2010bonobos,3,table_follow_up,2008,5,25,corry,30,31,f,chimpanzee,2,5,training,learn_see,e2,search_baited_location,,0*,100*
kanngiesser2010bonobos,3,table_follow_up,2008,5,25,corry,30,31,f,chimpanzee,2,6,training,learn_see,e2,search_baited_location,,0*,100*
kanngiesser2010bonobos,3,table_follow_up,2008,5,25,corry,30,31,f,chimpanzee,2,1,test,learn_see,e2,place,,0*,100*
kanngiesser2010bonobos,3,table_follow_up,2008,5,25,corry,30,31,f,chimpanzee,2,2,test,learn_see,e2,place,,0*,100*
kanngiesser2010bonobos,3,table_follow_up,2008,5,25,corry,30,31,f,chimpanzee,2,3,test,learn_see,e2,place,,0*,100*
kanngiesser2010bonobos,3,table_follow_up,2008,5,25,corry,30,31,f,chimpanzee,2,4,test,learn_see,e2,place,,0*,100*
kanngiesser2010bonobos,3,table_follow_up,2008,5,25,corry,30,31,f,chimpanzee,2,5,test,learn_see,e2,place,,0*,100*
kanngiesser2010bonobos,3,table_follow_up,2008,5,25,corry,30,31,f,chimpanzee,2,6,test,learn_see,e2,place,,0*,100*
kanngiesser2010bonobos,3,table_follow_up,2008,5,25,corry,30,31,f,chimpanzee,2,7,test,learn_see,e2,place,,0*,100*
kanngiesser2010bonobos,3,table_follow_up,2008,5,25,corry,30,31,f,chimpanzee,2,8,test,learn_see,e2,place,,0*,100*
kanngiesser2010bonobos,3,table_follow_up,2008,5,25,corry,30,31,f,chimpanzee,2,9,test,learn_see,e2,place,,0*,100*
kanngiesser2010bonobos,3,table_follow_up,2008,5,25,corry,30,31,f,chimpanzee,2,10,test,learn_see,e2,place,,0*,100*
kanngiesser2010bonobos,3,table_follow_up,2008,5,25,corry,30,31,f,chimpanzee,2,11,test,learn_see,e2,place,,0*,100*
kanngiesser2010bonobos,3,table_follow_up,2008,5,25,corry,30,31,f,chimpanzee,2,12,test,learn_see,e2,place,,0*,100*
kanngiesser2010bonobos,3,table_follow_up,2008,5,20,fraukje,31,32,f,chimpanzee,1,1,training,learn_see,e2,search_nonbaited_location,,17*,83*
kanngiesser2010bonobos,3,table_follow_up,2008,5,20,fraukje,31,32,f,chimpanzee,1,2,training,learn_see,e2,search_nonbaited_location,,17*,83*
kanngiesser2010bonobos,3,table_follow_up,2008,5,20,fraukje,31,32,f,chimpanzee,1,3,training,learn_see,e2,search_nonbaited_location,,17*,83*
kanngiesser2010bonobos,3,table_follow_up,2008,5,25,fraukje,31,32,f,chimpanzee,2,1,training,learn_see,e2,search_nonbaited_location,,17*,83*
kanngiesser2010bonobos,3,table_follow_up,2008,5,25,fraukje,31,32,f,chimpanzee,2,2,training,learn_see,e2,search_baited_location,,17*,83*
kanngiesser2010bonobos,3,table_follow_up,2008,5,25,fraukje,31,32,f,chimpanzee,2,3,training,learn_see,e2,search_baited_location,,17*,83*
kanngiesser2010bonobos,3,table_follow_up,2008,5,25,fraukje,31,32,f,chimpanzee,2,4,training,learn_see,e2,search_nonbaited_location,,17*,83*
kanngiesser2010bonobos,3,table_follow_up,2008,5,25,fraukje,31,32,f,chimpanzee,2,5,training,learn_see,e2,search_nonbaited_location,,17*,83*
kanngiesser2010bonobos,3,table_follow_up,2008,5,25,fraukje,31,32,f,chimpanzee,2,6,training,learn_see,e2,search_baited_location,,17*,83*
kanngiesser2010bonobos,3,table_follow_up,2008,5,25,fraukje,31,32,f,chimpanzee,2,7,training,learn_see,e2,search_nonbaited_location,,17*,83*
kanngiesser2010bonobos,3,table_follow_up,2008,5,25,fraukje,31,32,f,chimpanzee,2,8,training,learn_see,e2,search_nonbaited_location,,17*,83*
kanngiesser2010bonobos,3,table_follow_up,2008,5,25,fraukje,31,32,f,chimpanzee,2,9,training,learn_see,e2,search_baited_location,,17*,83*
kanngiesser2010bonobos,3,table_follow_up,2008,5,25,fraukje,31,32,f,chimpanzee,2,10,training,learn_see,e2,search_nonbaited_location,,17*,83*
kanngiesser2010bonobos,3,table_follow_up,2008,5,25,fraukje,31,32,f,chimpanzee,2,11,training,learn_see,e2,search_nonbaited_location,,17*,83*
kanngiesser2010bonobos,3,table_follow_up,2008,5,25,fraukje,31,32,f,chimpanzee,2,12,training,learn_see,e2,search_nonbaited_location,4.0,17*,83*
kanngiesser2010bonobos,3,table_follow_up,2008,5,26,fraukje,31,32,f,chimpanzee,3,1,training,learn_see,e2,search_nonbaited_location,,17*,83*
kanngiesser2010bonobos,3,table_follow_up,2008,5,26,fraukje,31,32,f,chimpanzee,3,2,training,learn_see,e2,search_baited_location,,17*,83*
kanngiesser2010bonobos,3,table_follow_up,2008,5,26,fraukje,31,32,f,chimpanzee,3,3,training,learn_see,e2,search_nonbaited_location,,17*,83*
kanngiesser2010bonobos,3,table_follow_up,2008,5,26,fraukje,31,32,f,chimpanzee,3,4,training,learn_see,e2,search_nonbaited_location,,17*,83*
kanngiesser2010bonobos,3,table_follow_up,2008,5,26,fraukje,31,32,f,chimpanzee,3,5,training,learn_see,e2,search_nonbaited_location,,17*,83*
kanngiesser2010bonobos,3,table_follow_up,2008,5,26,fraukje,31,32,f,chimpanzee,3,6,training,learn_see,e2,search_baited_location,,17*,83*
kanngiesser2010bonobos,3,table_follow_up,2008,5,26,fraukje,31,32,f,chimpanzee,3,7,training,learn_see,e2,search_baited_location,,17*,83*
kanngiesser2010bonobos,3,table_follow_up,2008,5,26,fraukje,31,32,f,chimpanzee,3,8,training,learn_see,e2,search_baited_location,,17*,83*
kanngiesser2010bonobos,3,table_follow_up,2008,5,26,fraukje,31,32,f,chimpanzee,3,9,training,learn_see,e2,search_nonbaited_location,,17*,83*
kanngiesser2010bonobos,3,table_follow_up,2008,5,26,fraukje,31,32,f,chimpanzee,3,10,training,learn_see,e2,search_nonbaited_location,,17*,83*
kanngiesser2010bonobos,3,table_follow_up,2008,5,26,fraukje,31,32,f,chimpanzee,3,11,training,learn_see,e2,search_baited_location,,17*,83*
kanngiesser2010bonobos,3,table_follow_up,2008,5,26,fraukje,31,32,f,chimpanzee,3,12,training,learn_see,e2,search_baited_location,6.0,17*,83*
kanngiesser2010bonobos,3,table_follow_up,2008,5,27,fraukje,31,32,f,chimpanzee,4,1,training,learn_see,e2,search_baited_location,,17*,83*
kanngiesser2010bonobos,3,table_follow_up,2008,5,27,fraukje,31,32,f,chimpanzee,4,2,training,learn_see,e2,search_nonbaited_location,,17*,83*
kanngiesser2010bonobos,3,table_follow_up,2008,5,27,fraukje,31,32,f,chimpanzee,4,3,training,learn_see,e2,search_baited_location,,17*,83*
kanngiesser2010bonobos,3,table_follow_up,2008,5,27,fraukje,31,32,f,chimpanzee,4,4,training,learn_see,e2,search_baited_location,,17*,83*
kanngiesser2010bonobos,3,table_follow_up,2008,5,27,fraukje,31,32,f,chimpanzee,4,5,training,learn_see,e2,search_baited_location,,17*,83*
kanngiesser2010bonobos,3,table_follow_up,2008,5,27,fraukje,31,32,f,chimpanzee,4,6,training,learn_see,e2,search_baited_location,,17*,83*
kanngiesser2010bonobos,3,table_follow_up,2008,5,27,fraukje,31,32,f,chimpanzee,4,7,training,learn_see,e2,search_baited_location,,17*,83*
kanngiesser2010bonobos,3,table_follow_up,2008,5,27,fraukje,31,32,f,chimpanzee,4,8,training,learn_see,e2,search_baited_location,,17*,83*
kanngiesser2010bonobos,3,table_follow_up,2008,5,27,fraukje,31,32,f,chimpanzee,4,9,training,learn_see,e2,search_baited_location,,17*,83*
kanngiesser2010bonobos,3,table_follow_up,2008,5,27,fraukje,31,32,f,chimpanzee,4,10,training,learn_see,e2,search_baited_location,,17*,83*
kanngiesser2010bonobos,3,table_follow_up,2008,5,27,fraukje,31,32,f,chimpanzee,4,11,training,learn_see,e2,search_baited_location,,17*,83*
kanngiesser2010bonobos,3,table_follow_up,2008,5,27,fraukje,31,32,f,chimpanzee,4,12,training,learn_see,e2,search_baited_location,11.0,17*,83*
kanngiesser2010bonobos,3,table_follow_up,2008,5,30,fraukje,31,32,f,chimpanzee,5,1,training,learn_see,e2,search_nonbaited_location,,17*,83*
kanngiesser2010bonobos,3,table_follow_up,2008,5,30,fraukje,31,32,f,chimpanzee,5,2,training,learn_see,e2,search_baited_location,,17*,83*
kanngiesser2010bonobos,3,table_follow_up,2008,5,30,fraukje,31,32,f,chimpanzee,5,3,training,learn_see,e2,search_nonbaited_location,,17*,83*
kanngiesser2010bonobos,3,table_follow_up,2008,5,30,fraukje,31,32,f,chimpanzee,5,4,training,learn_see,e2,search_baited_location,,17*,83*
kanngiesser2010bonobos,3,table_follow_up,2008,5,30,fraukje,31,32,f,chimpanzee,5,5,training,learn_see,e2,search_baited_location,,17*,83*
kanngiesser2010bonobos,3,table_follow_up,2008,5,30,fraukje,31,32,f,chimpanzee,5,6,training,learn_see,e2,search_nonbaited_location,,17*,83*
kanngiesser2010bonobos,3,table_follow_up,2008,5,30,fraukje,31,32,f,chimpanzee,5,7,training,learn_see,e2,search_baited_location,,17*,83*
kanngiesser2010bonobos,3,table_follow_up,2008,5,30,fraukje,31,32,f,chimpanzee,5,8,training,learn_see,e2,search_baited_location,,17*,83*
kanngiesser2010bonobos,3,table_follow_up,2008,5,30,fraukje,31,32,f,chimpanzee,5,9,training,learn_see,e2,search_baited_location,,17*,83*
kanngiesser2010bonobos,3,table_follow_up,2008,5,30,fraukje,31,32,f,chimpanzee,5,10,training,learn_see,e2,search_baited_location,,17*,83*
kanngiesser2010bonobos,3,table_follow_up,2008,5,30,fraukje,31,32,f,chimpanzee,5,11,training,learn_see,e2,search_baited_location,,17*,83*
kanngiesser2010bonobos,3,table_follow_up,2008,5,30,fraukje,31,32,f,chimpanzee,5,12,training,learn_see,e2,search_baited_location,9.0,17*,83*
kanngiesser2010bonobos,3,table_follow_up,2008,6,2,fraukje,31,32,f,chimpanzee,6,1,training,learn_see,e2,search_baited_location,,17*,83*
kanngiesser2010bonobos,3,table_follow_up,2008,6,2,fraukje,31,32,f,chimpanzee,6,2,training,learn_see,e2,search_baited_location,,17*,83*
kanngiesser2010bonobos,3,table_follow_up,2008,6,2,fraukje,31,32,f,chimpanzee,6,3,training,learn_see,e2,search_baited_location,,17*,83*
kanngiesser2010bonobos,3,table_follow_up,2008,6,2,fraukje,31,32,f,chimpanzee,6,4,training,learn_see,e2,search_baited_location,,17*,83*
kanngiesser2010bonobos,3,table_follow_up,2008,6,2,fraukje,31,32,f,chimpanzee,6,5,training,learn_see,e2,search_baited_location,,17*,83*
kanngiesser2010bonobos,3,table_follow_up,2008,6,2,fraukje,31,32,f,chimpanzee,6,6,training,learn_see,e2,search_baited_location,,17*,83*
kanngiesser2010bonobos,3,table_follow_up,2008,6,2,fraukje,31,32,f,chimpanzee,6,7,training,learn_see,e2,search_baited_location,,17*,83*
kanngiesser2010bonobos,3,table_follow_up,2008,6,2,fraukje,31,32,f,chimpanzee,6,8,training,learn_see,e2,search_baited_location,,17*,83*
kanngiesser2010bonobos,3,table_follow_up,2008,6,2,fraukje,31,32,f,chimpanzee,6,9,training,learn_see,e2,search_baited_location,,17*,83*
kanngiesser2010bonobos,3,table_follow_up,2008,6,2,fraukje,31,32,f,chimpanzee,6,10,training,learn_see,e2,search_baited_location,,17*,83*
kanngiesser2010bonobos,3,table_follow_up,2008,6,2,fraukje,31,32,f,chimpanzee,6,11,training,learn_see,e2,search_baited_location,,17*,83*
kanngiesser2010bonobos,3,table_follow_up,2008,6,2,fraukje,31,32,f,chimpanzee,6,12,training,learn_see,e2,search_baited_location,12.0,17*,83*
kanngiesser2010bonobos,3,table_follow_up,2008,6,3,fraukje,31,32,f,chimpanzee,7,1,training,learn_see,e2,search_baited_location,,17*,83*
kanngiesser2010bonobos,3,table_follow_up,2008,6,3,fraukje,31,32,f,chimpanzee,7,2,training,learn_see,e2,search_baited_location,,17*,83*
kanngiesser2010bonobos,3,table_follow_up,2008,6,3,fraukje,31,32,f,chimpanzee,7,3,training,learn_see,e2,search_baited_location,,17*,83*
kanngiesser2010bonobos,3,table_follow_up,2008,6,3,fraukje,31,32,f,chimpanzee,7,4,training,learn_see,e2,search_baited_location,,17*,83*
kanngiesser2010bonobos,3,table_follow_up,2008,6,3,fraukje,31,32,f,chimpanzee,7,5,training,learn_see,e2,search_baited_location,,17*,83*
kanngiesser2010bonobos,3,table_follow_up,2008,6,3,fraukje,31,32,f,chimpanzee,7,6,training,learn_see,e2,search_baited_location,6.0,17*,83*
kanngiesser2010bonobos,3,table_follow_up,2008,6,3,fraukje,31,32,f,chimpanzee,7,1,test,learn_see,e2,place,,17*,83*
kanngiesser2010bonobos,3,table_follow_up,2008,6,3,fraukje,31,32,f,chimpanzee,7,2,test,learn_see,e2,place,,17*,83*
kanngiesser2010bonobos,3,table_follow_up,2008,6,3,fraukje,31,32,f,chimpanzee,7,3,test,learn_see,e2,place,,17*,83*
kanngiesser2010bonobos,3,table_follow_up,2008,6,3,fraukje,31,32,f,chimpanzee,7,4,test,learn_see,e2,feature,,17*,83*
kanngiesser2010bonobos,3,table_follow_up,2008,6,3,fraukje,31,32,f,chimpanzee,7,5,test,learn_see,e2,place,,17*,83*
kanngiesser2010bonobos,3,table_follow_up,2008,6,3,fraukje,31,32,f,chimpanzee,7,6,test,learn_see,e2,place,,17*,83*
kanngiesser2010bonobos,3,table_follow_up,2008,6,3,fraukje,31,32,f,chimpanzee,7,7,test,learn_see,e2,feature,,17*,83*
kanngiesser2010bonobos,3,table_follow_up,2008,6,3,fraukje,31,32,f,chimpanzee,7,8,test,learn_see,e2,place,,17*,83*
kanngiesser2010bonobos,3,table_follow_up,2008,6,3,fraukje,31,32,f,chimpanzee,7,9,test,learn_see,e2,place,,17*,83*
kanngiesser2010bonobos,3,table_follow_up,2008,6,3,fraukje,31,32,f,chimpanzee,7,10,test,learn_see,e2,place,,17*,83*
kanngiesser2010bonobos,3,table_follow_up,2008,6,3,fraukje,31,32,f,chimpanzee,7,11,test,learn_see,e2,place,,17*,83*
kanngiesser2010bonobos,3,table_follow_up,2008,6,3,fraukje,31,32,f,chimpanzee,7,12,test,learn_see,e2,place,,17*,83*
kanngiesser2010bonobos,3,table_follow_up,2008,5,20,patrick,10,10,m,chimpanzee,1,1,training,learn_see,e2_e1,search_nonbaited_location,,100*,0*
kanngiesser2010bonobos,3,table_follow_up,2008,5,20,patrick,10,10,m,chimpanzee,1,2,training,learn_see,e2_e1,search_nonbaited_location,,100*,0*
kanngiesser2010bonobos,3,table_follow_up,2008,5,20,patrick,10,10,m,chimpanzee,1,3,training,learn_see,e2_e1,search_nonbaited_location,,100*,0*
kanngiesser2010bonobos,3,table_follow_up,2008,5,20,patrick,10,10,m,chimpanzee,1,4,training,learn_see,e2_e1,search_nonbaited_location,,100*,0*
kanngiesser2010bonobos,3,table_follow_up,2008,5,20,patrick,10,10,m,chimpanzee,1,5,training,learn_see,e2_e1,search_nonbaited_location,,100*,0*
kanngiesser2010bonobos,3,table_follow_up,2008,5,20,patrick,10,10,m,chimpanzee,1,6,training,learn_see,e2_e1,search_nonbaited_location,,100*,0*
kanngiesser2010bonobos,3,table_follow_up,2008,5,20,patrick,10,10,m,chimpanzee,1,7,training,learn_see,e2_e1,search_baited_location,,100*,0*
kanngiesser2010bonobos,3,table_follow_up,2008,5,20,patrick,10,10,m,chimpanzee,1,8,training,learn_see,e2_e1,search_nonbaited_location,,100*,0*
kanngiesser2010bonobos,3,table_follow_up,2008,5,20,patrick,10,10,m,chimpanzee,1,9,training,learn_see,e2_e1,search_baited_location,,100*,0*
kanngiesser2010bonobos,3,table_follow_up,2008,5,20,patrick,10,10,m,chimpanzee,1,10,training,learn_see,e2_e1,search_baited_location,,100*,0*
kanngiesser2010bonobos,3,table_follow_up,2008,5,20,patrick,10,10,m,chimpanzee,1,11,training,learn_see,e2_e1,search_baited_location,,100*,0*
kanngiesser2010bonobos,3,table_follow_up,2008,5,20,patrick,10,10,m,chimpanzee,1,12,training,learn_see,e2_e1,search_baited_location,5.0,100*,0*
kanngiesser2010bonobos,3,table_follow_up,2008,5,26,patrick,10,10,m,chimpanzee,2,1,training,learn_see,e2_e1,search_baited_location,,100*,0*
kanngiesser2010bonobos,3,table_follow_up,2008,5,26,patrick,10,10,m,chimpanzee,2,2,training,learn_see,e2_e1,search_nonbaited_location,,100*,0*
kanngiesser2010bonobos,3,table_follow_up,2008,5,26,patrick,10,10,m,chimpanzee,2,3,training,learn_see,e2_e1,search_nonbaited_location,,100*,0*
kanngiesser2010bonobos,3,table_follow_up,2008,5,26,patrick,10,10,m,chimpanzee,2,4,training,learn_see,e2_e1,search_nonbaited_location,,100*,0*
kanngiesser2010bonobos,3,table_follow_up,2008,5,26,patrick,10,10,m,chimpanzee,2,5,training,learn_see,e2_e1,search_baited_location,,100*,0*
kanngiesser2010bonobos,3,table_follow_up,2008,5,26,patrick,10,10,m,chimpanzee,2,6,training,learn_see,e2_e1,search_baited_location,,100*,0*
kanngiesser2010bonobos,3,table_follow_up,2008,5,26,patrick,10,10,m,chimpanzee,2,7,training,learn_see,e2_e1,search_baited_location,,100*,0*
kanngiesser2010bonobos,3,table_follow_up,2008,5,26,patrick,10,10,m,chimpanzee,2,8,training,learn_see,e2_e1,search_baited_location,,100*,0*
kanngiesser2010bonobos,3,table_follow_up,2008,5,26,patrick,10,10,m,chimpanzee,2,9,training,learn_see,e2_e1,search_baited_location,,100*,0*
kanngiesser2010bonobos,3,table_follow_up,2008,5,26,patrick,10,10,m,chimpanzee,2,10,training,learn_see,e2_e1,search_baited_location,,100*,0*
kanngiesser2010bonobos,3,table_follow_up,2008,5,26,patrick,10,10,m,chimpanzee,2,11,training,learn_see,e2_e1,search_baited_location,,100*,0*
kanngiesser2010bonobos,3,table_follow_up,2008,5,26,patrick,10,10,m,chimpanzee,2,12,training,learn_see,e2_e1,search_baited_location,9.0,100*,0*
kanngiesser2010bonobos,3,table_follow_up,2008,5,30,patrick,10,10,m,chimpanzee,3,1,training,learn_see,e2_e1,search_nonbaited_location,,100*,0*
kanngiesser2010bonobos,3,table_follow_up,2008,5,30,patrick,10,10,m,chimpanzee,3,2,training,learn_see,e2_e1,search_nonbaited_location,,100*,0*
kanngiesser2010bonobos,3,table_follow_up,2008,5,30,patrick,10,10,m,chimpanzee,3,3,training,learn_see,e2_e1,search_nonbaited_location,,100*,0*
kanngiesser2010bonobos,3,table_follow_up,2008,5,30,patrick,10,10,m,chimpanzee,3,4,training,learn_see,e2_e1,search_baited_location,,100*,0*
kanngiesser2010bonobos,3,table_follow_up,2008,5,30,patrick,10,10,m,chimpanzee,3,5,training,learn_see,e2_e1,search_nonbaited_location,,100*,0*
kanngiesser2010bonobos,3,table_follow_up,2008,5,30,patrick,10,10,m,chimpanzee,3,6,training,learn_see,e2_e1,search_baited_location,,100*,0*
kanngiesser2010bonobos,3,table_follow_up,2008,5,30,patrick,10,10,m,chimpanzee,3,7,training,learn_see,e2_e1,search_baited_location,,100*,0*
kanngiesser2010bonobos,3,table_follow_up,2008,5,30,patrick,10,10,m,chimpanzee,3,8,training,learn_see,e2_e1,search_baited_location,,100*,0*
kanngiesser2010bonobos,3,table_follow_up,2008,5,30,patrick,10,10,m,chimpanzee,3,9,training,learn_see,e2_e1,search_baited_location,,100*,0*
kanngiesser2010bonobos,3,table_follow_up,2008,5,30,patrick,10,10,m,chimpanzee,3,10,training,learn_see,e2_e1,search_baited_location,,100*,0*
kanngiesser2010bonobos,3,table_follow_up,2008,5,30,patrick,10,10,m,chimpanzee,3,11,training,learn_see,e2_e1,search_baited_location,,100*,0*
kanngiesser2010bonobos,3,table_follow_up,2008,5,30,patrick,10,10,m,chimpanzee,3,12,training,learn_see,e2_e1,search_baited_location,8.0,100*,0*
kanngiesser2010bonobos,3,table_follow_up,2008,6,2,patrick,10,10,m,chimpanzee,4,1,training,learn_see,e2_e1,search_baited_location,,100*,0*
kanngiesser2010bonobos,3,table_follow_up,2008,6,2,patrick,10,10,m,chimpanzee,4,2,training,learn_see,e2_e1,search_baited_location,,100*,0*
kanngiesser2010bonobos,3,table_follow_up,2008,6,2,patrick,10,10,m,chimpanzee,4,3,training,learn_see,e2_e1,search_baited_location,,100*,0*
kanngiesser2010bonobos,3,table_follow_up,2008,6,2,patrick,10,10,m,chimpanzee,4,4,training,learn_see,e2_e1,search_nonbaited_location,,100*,0*
kanngiesser2010bonobos,3,table_follow_up,2008,6,2,patrick,10,10,m,chimpanzee,4,5,training,learn_see,e2_e1,search_baited_location,,100*,0*
kanngiesser2010bonobos,3,table_follow_up,2008,6,2,patrick,10,10,m,chimpanzee,4,6,training,learn_see,e2_e1,search_baited_location,,100*,0*
kanngiesser2010bonobos,3,table_follow_up,2008,6,2,patrick,10,10,m,chimpanzee,4,7,training,learn_see,e2_e1,search_baited_location,,100*,0*
kanngiesser2010bonobos,3,table_follow_up,2008,6,2,patrick,10,10,m,chimpanzee,4,8,training,learn_see,e2_e1,search_baited_location,,100*,0*
kanngiesser2010bonobos,3,table_follow_up,2008,6,2,patrick,10,10,m,chimpanzee,4,9,training,learn_see,e2_e1,search_baited_location,,100*,0*
kanngiesser2010bonobos,3,table_follow_up,2008,6,2,patrick,10,10,m,chimpanzee,4,10,training,learn_see,e2_e1,search_baited_location,,100*,0*
kanngiesser2010bonobos,3,table_follow_up,2008,6,2,patrick,10,10,m,chimpanzee,4,11,training,learn_see,e2_e1,search_baited_location,,100*,0*
kanngiesser2010bonobos,3,table_follow_up,2008,6,2,patrick,10,10,m,chimpanzee,4,12,training,learn_see,e2_e1,search_baited_location,11.0,100*,0*
kanngiesser2010bonobos,3,table_follow_up,2008,6,3,patrick,10,10,m,chimpanzee,5,1,training,learn_see,e2_e1,search_baited_location,,100*,0*
kanngiesser2010bonobos,3,table_follow_up,2008,6,3,patrick,10,10,m,chimpanzee,5,2,training,learn_see,e2_e1,search_baited_location,,100*,0*
kanngiesser2010bonobos,3,table_follow_up,2008,6,3,patrick,10,10,m,chimpanzee,5,3,training,learn_see,e2_e1,search_nonbaited_location,,100*,0*
kanngiesser2010bonobos,3,table_follow_up,2008,6,3,patrick,10,10,m,chimpanzee,5,4,training,learn_see,e2_e1,search_baited_location,,100*,0*
kanngiesser2010bonobos,3,table_follow_up,2008,6,3,patrick,10,10,m,chimpanzee,5,5,training,learn_see,e2_e1,search_baited_location,,100*,0*
kanngiesser2010bonobos,3,table_follow_up,2008,6,3,patrick,10,10,m,chimpanzee,5,6,training,learn_see,e2_e1,search_baited_location,5.0,100*,0*
kanngiesser2010bonobos,3,table_follow_up,2008,6,3,patrick,10,10,m,chimpanzee,5,1,test,learn_see,e2_e1,feature,,100*,0*
kanngiesser2010bonobos,3,table_follow_up,2008,6,3,patrick,10,10,m,chimpanzee,5,2,test,learn_see,e2_e1,feature,,100*,0*
kanngiesser2010bonobos,3,table_follow_up,2008,6,3,patrick,10,10,m,chimpanzee,5,3,test,learn_see,e2_e1,feature,,100*,0*
kanngiesser2010bonobos,3,table_follow_up,2008,6,3,patrick,10,10,m,chimpanzee,5,4,test,learn_see,e2_e1,feature,,100*,0*
kanngiesser2010bonobos,3,table_follow_up,2008,6,3,patrick,10,10,m,chimpanzee,5,5,test,learn_see,e2_e1,feature,,100*,0*
kanngiesser2010bonobos,3,table_follow_up,2008,6,3,patrick,10,10,m,chimpanzee,5,6,test,learn_see,e2_e1,feature,,100*,0*
kanngiesser2010bonobos,3,table_follow_up,2008,6,3,patrick,10,10,m,chimpanzee,5,7,test,learn_see,e2_e1,feature,,100*,0*
kanngiesser2010bonobos,3,table_follow_up,2008,6,3,patrick,10,10,m,chimpanzee,5,8,test,learn_see,e2_e1,feature,,100*,0*
kanngiesser2010bonobos,3,table_follow_up,2008,6,3,patrick,10,10,m,chimpanzee,5,9,test,learn_see,e2_e1,feature,,100*,0*
kanngiesser2010bonobos,3,table_follow_up,2008,6,3,patrick,10,10,m,chimpanzee,5,10,test,learn_see,e2_e1,feature,,100*,0*
kanngiesser2010bonobos,3,table_follow_up,2008,6,3,patrick,10,10,m,chimpanzee,5,11,test,learn_see,e2_e1,feature,,100*,0*
kanngiesser2010bonobos,3,table_follow_up,2008,6,3,patrick,10,10,m,chimpanzee,5,12,test,learn_see,e2_e1,feature,,100*,0*
kanngiesser2010bonobos,3,table_follow_up,2008,6,27,annett,8,8,f,chimpanzee,1,1,test,see,-,place,,75*,25*
kanngiesser2010bonobos,3,table_follow_up,2008,6,27,annett,8,8,f,chimpanzee,1,2,test,see,-,place,,75*,25*
kanngiesser2010bonobos,3,table_follow_up,2008,6,27,annett,8,8,f,chimpanzee,1,3,test,see,-,feature,,75*,25*
kanngiesser2010bonobos,3,table_follow_up,2008,6,27,annett,8,8,f,chimpanzee,1,4,test,see,-,feature,,75*,25*
kanngiesser2010bonobos,3,table_follow_up,2008,6,27,annett,8,8,f,chimpanzee,1,5,test,see,-,feature,,75*,25*
kanngiesser2010bonobos,3,table_follow_up,2008,6,27,annett,8,8,f,chimpanzee,1,6,test,see,-,feature,,75*,25*
kanngiesser2010bonobos,3,table_follow_up,2008,6,27,annett,8,8,f,chimpanzee,1,7,test,see,-,feature,,75*,25*
kanngiesser2010bonobos,3,table_follow_up,2008,6,27,annett,8,8,f,chimpanzee,1,8,test,see,-,feature,,75*,25*
kanngiesser2010bonobos,3,table_follow_up,2008,6,27,annett,8,8,f,chimpanzee,1,9,test,see,-,place,,75*,25*
kanngiesser2010bonobos,3,table_follow_up,2008,6,27,annett,8,8,f,chimpanzee,1,10,test,see,-,feature,,75*,25*
kanngiesser2010bonobos,3,table_follow_up,2008,6,27,annett,8,8,f,chimpanzee,1,11,test,see,-,feature,,75*,25*
kanngiesser2010bonobos,3,table_follow_up,2008,6,27,annett,8,8,f,chimpanzee,1,12,test,see,-,feature,,75*,25*
kanngiesser2010bonobos,3,table_follow_up,2008,6,17,dorien,26,27,f,chimpanzee,1,1,test,see,e2,place,,0*,100*
kanngiesser2010bonobos,3,table_follow_up,2008,6,17,dorien,26,27,f,chimpanzee,1,2,test,see,e2,place,,0*,100*
kanngiesser2010bonobos,3,table_follow_up,2008,6,17,dorien,26,27,f,chimpanzee,1,3,test,see,e2,place,,0*,100*
kanngiesser2010bonobos,3,table_follow_up,2008,6,17,dorien,26,27,f,chimpanzee,1,4,test,see,e2,place,,0*,100*
kanngiesser2010bonobos,3,table_follow_up,2008,6,17,dorien,26,27,f,chimpanzee,1,5,test,see,e2,place,,0*,100*
kanngiesser2010bonobos,3,table_follow_up,2008,6,17,dorien,26,27,f,chimpanzee,1,6,test,see,e2,place,,0*,100*
kanngiesser2010bonobos,3,table_follow_up,2008,6,17,dorien,26,27,f,chimpanzee,1,7,test,see,e2,place,,0*,100*
kanngiesser2010bonobos,3,table_follow_up,2008,6,17,dorien,26,27,f,chimpanzee,1,8,test,see,e2,place,,0*,100*
kanngiesser2010bonobos,3,table_follow_up,2008,6,17,dorien,26,27,f,chimpanzee,1,9,test,see,e2,place,,0*,100*
kanngiesser2010bonobos,3,table_follow_up,2008,6,17,dorien,26,27,f,chimpanzee,1,10,test,see,e2,place,,0*,100*
kanngiesser2010bonobos,3,table_follow_up,2008,6,17,dorien,26,27,f,chimpanzee,1,11,test,see,e2,place,,0*,100*
kanngiesser2010bonobos,3,table_follow_up,2008,6,17,dorien,26,27,f,chimpanzee,1,12,test,see,e2,place,,0*,100*
kanngiesser2010bonobos,3,table_follow_up,2008,6,16,jahaga,14,15,f,chimpanzee,1,1,test,see,e1_e2,feature,,100*,0*
kanngiesser2010bonobos,3,table_follow_up,2008,6,16,jahaga,14,15,f,chimpanzee,1,2,test,see,e1_e2,feature,,100*,0*
kanngiesser2010bonobos,3,table_follow_up,2008,6,16,jahaga,14,15,f,chimpanzee,1,3,test,see,e1_e2,feature,,100*,0*
kanngiesser2010bonobos,3,table_follow_up,2008,6,16,jahaga,14,15,f,chimpanzee,1,4,test,see,e1_e2,feature,,100*,0*
kanngiesser2010bonobos,3,table_follow_up,2008,6,16,jahaga,14,15,f,chimpanzee,1,5,test,see,e1_e2,feature,,100*,0*
kanngiesser2010bonobos,3,table_follow_up,2008,6,16,jahaga,14,15,f,chimpanzee,1,6,test,see,e1_e2,feature,,100*,0*
kanngiesser2010bonobos,3,table_follow_up,2008,6,16,jahaga,14,15,f,chimpanzee,1,7,test,see,e1_e2,feature,,100*,0*
kanngiesser2010bonobos,3,table_follow_up,2008,6,16,jahaga,14,15,f,chimpanzee,1,8,test,see,e1_e2,feature,,100*,0*
kanngiesser2010bonobos,3,table_follow_up,2008,6,16,jahaga,14,15,f,chimpanzee,1,9,test,see,e1_e2,feature,,100*,0*
kanngiesser2010bonobos,3,table_follow_up,2008,6,16,jahaga,14,15,f,chimpanzee,1,10,test,see,e1_e2,feature,,100*,0*
kanngiesser2010bonobos,3,table_follow_up,2008,6,16,jahaga,14,15,f,chimpanzee,1,11,test,see,e1_e2,feature,,100*,0*
kanngiesser2010bonobos,3,table_follow_up,2008,6,16,jahaga,14,15,f,chimpanzee,1,12,test,see,e1_e2,feature,,100*,0*
kanngiesser2010bonobos,3,table_follow_up,2008,6,30,natascha,28,28,f,chimpanzee,1,1,test,see,-,middle,,17*,42*
kanngiesser2010bonobos,3,table_follow_up,2008,6,30,natascha,28,28,f,chimpanzee,1,2,test,see,-,middle,,17*,42*
kanngiesser2010bonobos,3,table_follow_up,2008,6,30,natascha,28,28,f,chimpanzee,1,3,test,see,-,place,,17*,42*
kanngiesser2010bonobos,3,table_follow_up,2008,6,30,natascha,28,28,f,chimpanzee,1,4,test,see,-,middle,,17*,42*
kanngiesser2010bonobos,3,table_follow_up,2008,6,30,natascha,28,28,f,chimpanzee,1,5,test,see,-,place,,17*,42*
kanngiesser2010bonobos,3,table_follow_up,2008,6,30,natascha,28,28,f,chimpanzee,1,6,test,see,-,place,,17*,42*
kanngiesser2010bonobos,3,table_follow_up,2008,6,30,natascha,28,28,f,chimpanzee,1,7,test,see,-,middle,,17*,42*
kanngiesser2010bonobos,3,table_follow_up,2008,6,30,natascha,28,28,f,chimpanzee,1,8,test,see,-,place,,17*,42*
kanngiesser2010bonobos,3,table_follow_up,2008,6,30,natascha,28,28,f,chimpanzee,1,9,test,see,-,feature,,17*,42*
kanngiesser2010bonobos,3,table_follow_up,2008,6,30,natascha,28,28,f,chimpanzee,1,10,test,see,-,place,,17*,42*
kanngiesser2010bonobos,3,table_follow_up,2008,6,30,natascha,28,28,f,chimpanzee,1,11,test,see,-,feature,,17*,42*
kanngiesser2010bonobos,3,table_follow_up,2008,6,30,natascha,28,28,f,chimpanzee,1,12,test,see,-,middle,,17*,42*
kanngiesser2010bonobos,3,table_follow_up,2008,7,2,pia,8,8,f,chimpanzee,1,1,test,see,-,middle,,8*,42*
kanngiesser2010bonobos,3,table_follow_up,2008,7,2,pia,8,8,f,chimpanzee,1,2,test,see,-,middle,,8*,42*
kanngiesser2010bonobos,3,table_follow_up,2008,7,2,pia,8,8,f,chimpanzee,1,3,test,see,-,middle,,8*,42*
kanngiesser2010bonobos,3,table_follow_up,2008,7,2,pia,8,8,f,chimpanzee,1,4,test,see,-,place,,8*,42*
kanngiesser2010bonobos,3,table_follow_up,2008,7,2,pia,8,8,f,chimpanzee,1,5,test,see,-,middle,,8*,42*
kanngiesser2010bonobos,3,table_follow_up,2008,7,2,pia,8,8,f,chimpanzee,1,6,test,see,-,middle,,8*,42*
kanngiesser2010bonobos,3,table_follow_up,2008,7,2,pia,8,8,f,chimpanzee,1,7,test,see,-,feature,,8*,42*
kanngiesser2010bonobos,3,table_follow_up,2008,7,2,pia,8,8,f,chimpanzee,1,8,test,see,-,place,,8*,42*
kanngiesser2010bonobos,3,table_follow_up,2008,7,2,pia,8,8,f,chimpanzee,1,9,test,see,-,place,,8*,42*
kanngiesser2010bonobos,3,table_follow_up,2008,7,2,pia,8,8,f,chimpanzee,1,10,test,see,-,place,,8*,42*
kanngiesser2010bonobos,3,table_follow_up,2008,7,2,pia,8,8,f,chimpanzee,1,11,test,see,-,place,,8*,42*
kanngiesser2010bonobos,3,table_follow_up,2008,7,2,pia,8,8,f,chimpanzee,1,12,test,see,-,middle,,8*,42*
kanngiesser2010bonobos,3,table_follow_up,2008,6,17,robert,31,32,m,chimpanzee,1,1,test,see,e2,place,,0*,100*
kanngiesser2010bonobos,3,table_follow_up,2008,6,17,robert,31,32,m,chimpanzee,1,2,test,see,e2,place,,0*,100*
kanngiesser2010bonobos,3,table_follow_up,2008,6,17,robert,31,32,m,chimpanzee,1,3,test,see,e2,place,,0*,100*
kanngiesser2010bonobos,3,table_follow_up,2008,6,17,robert,31,32,m,chimpanzee,1,4,test,see,e2,place,,0*,100*
kanngiesser2010bonobos,3,table_follow_up,2008,6,17,robert,31,32,m,chimpanzee,1,5,test,see,e2,place,,0*,100*
kanngiesser2010bonobos,3,table_follow_up,2008,6,17,robert,31,32,m,chimpanzee,1,6,test,see,e2,place,,0*,100*
kanngiesser2010bonobos,3,table_follow_up,2008,6,17,robert,31,32,m,chimpanzee,1,7,test,see,e2,place,,0*,100*
kanngiesser2010bonobos,3,table_follow_up,2008,6,17,robert,31,32,m,chimpanzee,1,8,test,see,e2,place,,0*,100*
kanngiesser2010bonobos,3,table_follow_up,2008,6,17,robert,31,32,m,chimpanzee,1,9,test,see,e2,place,,0*,100*
kanngiesser2010bonobos,3,table_follow_up,2008,6,17,robert,31,32,m,chimpanzee,1,10,test,see,e2,place,,0*,100*
kanngiesser2010bonobos,3,table_follow_up,2008,6,17,robert,31,32,m,chimpanzee,1,11,test,see,e2,place,,0*,100*
kanngiesser2010bonobos,3,table_follow_up,2008,6,17,robert,31,32,m,chimpanzee,1,12,test,see,e2,place,,0*,100*
kanngiesser2010bonobos,3,table_follow_up,2008,6,16,gertrudia,14,15,f,chimpanzee,1,1,test,see,e2_e1,middle,,8*,67*
kanngiesser2010bonobos,3,table_follow_up,2008,6,16,gertrudia,14,15,f,chimpanzee,1,2,test,see,e2_e1,place,,8*,67*
kanngiesser2010bonobos,3,table_follow_up,2008,6,16,gertrudia,14,15,f,chimpanzee,1,3,test,see,e2_e1,place,,8*,67*
kanngiesser2010bonobos,3,table_follow_up,2008,6,16,gertrudia,14,15,f,chimpanzee,1,4,test,see,e2_e1,middle,,8*,67*
kanngiesser2010bonobos,3,table_follow_up,2008,6,16,gertrudia,14,15,f,chimpanzee,1,5,test,see,e2_e1,place,,8*,67*
kanngiesser2010bonobos,3,table_follow_up,2008,6,16,gertrudia,14,15,f,chimpanzee,1,6,test,see,e2_e1,place,,8*,67*
kanngiesser2010bonobos,3,table_follow_up,2008,6,16,gertrudia,14,15,f,chimpanzee,1,7,test,see,e2_e1,feature,,8*,67*
kanngiesser2010bonobos,3,table_follow_up,2008,6,16,gertrudia,14,15,f,chimpanzee,1,8,test,see,e2_e1,place,,8*,67*
kanngiesser2010bonobos,3,table_follow_up,2008,6,16,gertrudia,14,15,f,chimpanzee,1,9,test,see,e2_e1,place,,8*,67*
kanngiesser2010bonobos,3,table_follow_up,2008,6,16,gertrudia,14,15,f,chimpanzee,1,10,test,see,e2_e1,place,,8*,67*
kanngiesser2010bonobos,3,table_follow_up,2008,6,16,gertrudia,14,15,f,chimpanzee,1,11,test,see,e2_e1,place,,8*,67*
kanngiesser2010bonobos,3,table_follow_up,2008,6,16,gertrudia,14,15,f,chimpanzee,1,12,test,see,e2_e1,middle,,8*,67*
